,Symbols
0,ABS
1,ABX
2,ACKH
3,AGC
4,AGN
5,AHM
6,ANDW
7,AS
8,AZA.A
9,BDK
10,BEV
11,BF.B
12,BHMSQ
13,BKB
14,BLL
15,BLY
16,BMET
17,BNI
18,BOL
19,BT
20,CBB
21,CBE
22,CBS
23,CCTYQ
24,CIN
25,CMB
26,CNG
27,CNW
28,CPQ
29,CYM
30,CYR
31,DALRQ
32,DCNAQ
33,DGN
34,DJ
35,DWD
36,ECO
37,ENRNQ
38,ETS
39,FBF
40,FJ
41,FLMIQ
42,FLTWQ
43,FTL.A
44,GAPTQ
45,GAS
46,GDW
47,GFS.A
48,GIDL
49,GLK
50,GPU
51,GR
52,GWF
53,HDLM
54,HET
55,HM
56,HPC
57,INCLF
58,JCP
59,JH
60,JOS
61,KM
62,KRB
63,KWP
64,LB
65,LDG
66,LDW.B
67,MAY
68,MDP
69,MDR
70,MEA
71,MEE
72,MEL
73,MII
74,MKG
75,MST
76,MTLQQ
77,MWI
78,MZIAQ
79,NAE
80,NAV
81,NCC
82,NOVL
83,NSI
84,NYN
85,OAT
86,OMX
87,ONE
88,ORX
89,PDG
90,PEL
91,PGL
92,PHA
93,PNU
94,PPW
95,PVN
96,RBD
97,RBK
98,RDC
99,RDS.A
100,RNB
101,SFA
102,SGID
103,SGP
104,SHN
105,SK
106,SMS
107,SRR
108,TCOMA
109,TDM
110,TEK
111,TIN
112,TLAB
113,TMC.A
114,TNB
115,TOY
116,TRB
117,TXU
118,UAWGQ
119,UMG
120,USH
121,USHC
122,USW
123,VAT
124,WAI
125,WLA
126,WMX
127,WWY
128,WYE
129,BAY
130,BMGCA
131,CSE
132,GDT
133,HFS
134,NLV
135,RX
136,SEG
137,UPR
138,WCOEQ
139,APC
140,CFC
141,HBOC
142,AFS.A
143,BMC
144,BSC
145,CCE
146,GTW
147,NCE
148,NGH
149,PVT
150,SLR
151,AW
152,COC.B
153,DPHIQ
154,FPC
155,GX
156,MOLX
157,OK
158,PTV
159,PWJ
160,QTRN
161,SOTR
162,APCC
163,BGEN
164,CIT.A
165,CPNLQ
166,FRX
167,MERQ
168,PWER
169,SBL
170,SEBL
171,VSTNQ
172,AWE
173,COL
174,EOP
175,GENZ
176,IMNX
177,TE
178,UVN
179,ANTM
180,MI
181,NFB
182,PCL
183,RATL
184,ACS
185,ASN
186,CBSS
187,CITGQ
188,CMX
189,FSH
190,LLL
191,MYL
192,SOV
193,WFT
194,BRL
195,HAR
196,WIN
197,DDR
198,ESV
199,NYX
200,TEG
201,TIE
202,CAM
203,CEPH
204,COG
205,SCG
206,ARG
207,RHT
208,CVC
209,ADS
210,FB
211,CXO
212,FBHS
213,DRE
214,WCG
215,BLS
216,CGP
217,CRR
218,DEC
219,EKDKQ
220,HPH
221,JP
222,KRI
223,LLX
224,MIL
225,MYG
226,NMK
227,NSM
228,OWENQ
229,PMI
230,PRD
231,RAL
232,RML
233,RYC
234,STO
235,TMK
236,UCM
237,USS
238,WNDXQ
239,EMC
240,BBT
241,WAMUQ
242,NXTL
243,TOS
244,AV
245,KSE
246,JHF
247,VAR
248,WLTW
249,HFC
250,DF
251,FBO
252,LEHMQ
