,1996,1997,1998,1999,2000,2001,2002,2003,2004,2005,2006,2007,2008,2009,2010,2011,2012,2013,2014,2015,2016,2017,2018,2019,2020,2021,2022,2023
0,AAL,AAL,AAMRQ,AAMRQ,AABA,A,A,A,A,A,A,A,A,A,A,A,A,A,A,A,A,A,A,A,A,A,A,A
1,AAMRQ,AAMRQ,AAPL,AAPL,AAMRQ,AABA,AABA,AABA,AABA,AABA,AABA,AABA,AABA,AABA,AABA,AABA,AABA,AABA,AABA,AABA,AABA,AABA,AAL,AAL,AAL,AAL,AAL,AAL
2,AAPL,AAPL,ABI,ABI,AAPL,AAMRQ,AAMRQ,AAMRQ,AAPL,AAPL,AAPL,AAPL,AAPL,AAPL,AAPL,AAPL,AAPL,AAPL,AAPL,AAPL,AAL,AAL,AAP,AAP,AAP,AAP,AAP,AAP
3,ABI,ABI,ABS,ABS,ABI,AAPL,AAPL,AAPL,ABC,ABC,ABC,ABC,ABC,ABC,ABC,ABC,ABC,ABBV,ABBV,ABBV,AAP,AAP,AAPL,AAPL,AAPL,AAPL,AAPL,AAPL
4,ABS,ABS,ABT,ABT,ABS,ABI,ABC,ABC,ABI,ABI,ABI,ABI,ABI,ABT,ABT,ABT,ABT,ABC,ABC,ABC,AAPL,AAPL,ABBV,ABBV,ABBV,ABBV,ABBV,ABBV
5,ABT,ABT,ABX,ABX,ABT,ABKFQ,ABI,ABI,ABKFQ,ABKFQ,ABKFQ,ABKFQ,ABKFQ,ACAS,ACS,ADBE,ACN,ABT,ABT,ABT,ABBV,ABBV,ABC,ABC,ABC,ABC,ABC,ABC
6,ABX,ABX,ACKH,ACKH,ABX,ABS,ABKFQ,ABKFQ,ABS,ABS,ABS,ABT,ABT,ACS,ADBE,ADI,ADBE,ACN,ACN,ACN,ABC,ABC,ABT,ABMD,ABMD,ABMD,ABMD,ABT
7,ACKH,ACKH,ACV,ACV,ACKH,ABT,ABS,ABS,ABT,ABT,ABT,ACS,ACAS,ADBE,ADI,ADM,ADI,ADBE,ADBE,ADBE,ABT,ABT,ACN,ABT,ABT,ABT,ABT,ACGL
8,ACV,ACV,ADBE,ADBE,ACV,ABX,ABT,ABT,ACV,ACS,ACS,ADBE,ACS,ADI,ADM,ADP,ADM,ADI,ADI,ADI,ACN,ACN,ADBE,ACN,ACN,ACN,ACN,ACN
9,ADM,ADM,ADM,ADM,ADBE,ACV,ABX,ACV,ADBE,ACV,ACV,ADCT,ADBE,ADM,ADP,ADSK,ADP,ADM,ADM,ADM,ADBE,ADBE,ADI,ADBE,ADBE,ADBE,ADBE,ADBE
10,ADP,ADP,ADP,ADP,ADCT,ADBE,ACV,ADBE,ADCT,ADBE,ADBE,ADI,ADI,ADP,ADSK,AEE,ADSK,ADP,ADP,ADP,ADI,ADI,ADM,ADI,ADI,ADI,ADI,ADI
11,ADSK,ADSK,ADSK,ADSK,ADI,ADCT,ADBE,ADCT,ADI,ADCT,ADCT,ADM,ADM,ADSK,AEE,AEP,AEE,ADSK,ADS,ADS,ADM,ADM,ADP,ADM,ADM,ADM,ADM,ADM
12,AEE,AEE,AEE,AEE,ADM,ADI,ADCT,ADI,ADM,ADI,ADI,ADP,ADP,AEE,AEP,AES,AEP,ADT,ADSK,ADSK,ADP,ADP,ADS,ADP,ADP,ADP,ADP,ADP
13,AEP,AEP,AEP,AEP,ADP,ADM,ADI,ADM,ADP,ADM,ADM,ADSK,ADSK,AEP,AES,AET,AES,AEE,ADT,ADT,ADS,ADS,ADSK,ADS,ADS,ADSK,ADSK,ADSK
14,AET,AET,AET,AES,ADSK,ADP,ADM,ADP,ADSK,ADP,ADP,AEE,AEE,AES,AET,AFL,AET,AEP,AEE,AEE,ADSK,ADSK,AEE,ADSK,ADSK,AEE,AEE,AEE
15,AGC,AGC,AGC,AET,AEE,ADSK,ADP,ADSK,AEE,ADSK,ADSK,AEP,AEP,AET,AFL,AGN,AFL,AES,AEP,AEP,ADT,AEE,AEP,AEE,AEE,AEP,AEP,AEP
16,AGN,AGN,AGN,AFS.A,AEP,AEE,ADSK,AEE,AEP,AEE,AEE,AES,AES,AFL,AGN,AIG,AGN,AET,AES,AES,AEE,AEP,AES,AEP,AEP,AES,AES,AES
17,AHM,AHM,AHM,AGC,AES,AEP,AEE,AEP,AES,AEP,AEP,AET,AET,AGN,AIG,AIV,AIG,AFL,AET,AET,AEP,AES,AET,AES,AES,AFL,AFL,AFL
18,AIG,AIG,AIG,AGN,AET,AES,AEP,AES,AET,AES,AES,AFL,AFL,AIG,AIV,AIZ,AIV,AGN,AFL,AFL,AES,AET,AFL,AFL,AFL,AIG,AIG,AIG
19,AIT,AIT,AIT,AIG,AFL,AET,AES,AET,AFL,AET,AET,AGN,AGN,AIV,AIZ,AKAM,AIZ,AIG,AGN,AGN,AET,AFL,AGN,AGN,AGN,AIZ,AIZ,AIZ
20,AL,AL,AL,AIT,AFS.A,AFL,AET,AFL,AGN,AFL,AFL,AIG,AIG,AIZ,AKAM,AKS,AKAM,AIV,AIG,AIG,AFL,AGN,AIG,AIG,AIG,AJG,AJG,AJG
21,ALL,ALL,ALL,AL,AGC,AGC,AFL,AGN,AIG,AGN,AGN,AIV,AIV,AKAM,AKS,ALL,ALL,AIZ,AIV,AIV,AGN,AIG,AIV,AIV,AIV,AKAM,AKAM,AKAM
22,AM,AM,AM,ALL,AGN,AGN,AGN,AIG,AIV,AIG,AIG,ALL,AIZ,AKS,ALL,ALTR,ALTR,AKAM,AIZ,AIZ,AIG,AIV,AIZ,AIZ,AIZ,ALB,ALB,ALB
23,AMAT,AMAT,AMAT,AM,AIG,AIG,AIG,ALL,ALL,AIV,AIV,ALTR,AKAM,ALL,ALTR,AMAT,AMAT,ALL,AKAM,AKAM,AIV,AIZ,AJG,AJG,AJG,ALGN,ALGN,ALGN
24,AMD,AMD,AMD,AMAT,AL,AL,AL,ALTR,ALTR,ALL,ALL,AMAT,ALL,ALTR,AMAT,AMD,AMD,ALTR,ALL,ALL,AIZ,AJG,AKAM,AKAM,AKAM,ALK,ALK,ALK
25,AMGN,AMGN,AMGN,AMD,ALL,ALL,ALL,AM,AM,ALTR,ALTR,AMD,ALTR,AMAT,AMD,AMGN,AMGN,ALXN,ALLE,ALLE,AKAM,AKAM,ALB,ALB,ALB,ALL,ALL,ALL
26,AMH,AMH,AMP,AMGN,AM,ALTR,ALTR,AMAT,AMAT,AMAT,AMAT,AMGN,AMAT,AMD,AMGN,AMP,AMP,AMAT,ALTR,ALTR,ALL,ALB,ALGN,ALGN,ALGN,ALLE,ALLE,ALLE
27,AMP,AMP,AN,AMP,AMAT,AM,AM,AMCC,AMCC,AMCC,AMCC,AMP,AMD,AMGN,AMP,AMT,AMT,AMD,ALXN,ALXN,ALLE,ALK,ALK,ALK,ALK,ALXN,AMAT,AMAT
28,AN,AN,ANDW,ANDW,AMD,AMAT,AMAT,AMD,AMD,AMD,AMD,AMZN,AMGN,AMP,AMT,AMZN,AMZN,AMGN,AMAT,AMAT,ALXN,ALL,ALL,ALL,ALL,AMAT,AMCR,AMCR
29,ANDW,ANDW,ANV,ANV,AMGN,AMCC,AMCC,AMGN,AMGN,AMGN,AMGN,AN,AMP,AMT,AMZN,AN,AN,AMP,AME,AME,AMAT,ALLE,ALLE,ALLE,ALLE,AMCR,AMD,AMD
30,ANV,ANV,AON,AON,ANDW,AMD,AMD,ANDW,AN,AN,AMP,ANTM,AMT,AMZN,AN,ANDV,ANDV,AMT,AMGN,AMG,AME,ALXN,ALXN,ALXN,ALXN,AMD,AME,AME
31,APD,AON,APA,APA,AON,AMGN,AMGN,ANTM,ANDW,ANDW,AMZN,AON,AMZN,AN,ANDV,ANF,ANF,AMZN,AMP,AMGN,AMG,AMAT,AMAT,AMAT,AMAT,AME,AMGN,AMGN
32,AR,APD,APC,APC,APA,ANDW,ANDW,AON,ANTM,ANTM,AN,APA,AN,ANDV,ANF,ANTM,ANRZQ,AN,AMT,AMP,AMGN,AME,AMD,AMD,AMCR,AMGN,AMP,AMP
33,ARC,AR,APD,APD,APC,AON,AON,APA,AON,AON,ANDW,APC,ANDV,ANF,ANTM,AON,ANTM,ANDV,AMZN,AMT,AMP,AMG,AME,AME,AMD,AMP,AMT,AMT
34,ARNC,ARC,AR,AR,APD,APA,APA,APC,APA,APA,ANTM,APCC,ANF,ANTM,AON,APA,AON,ANF,AN,AMZN,AMT,AMGN,AMG,AMG,AME,AMT,AMZN,AMZN
35,AS,ARNC,ARC,ARC,ARC,APC,APC,APCC,APC,APC,AON,APD,ANTM,AON,APA,APC,APA,ANTM,ANDV,AN,AMZN,AMP,AMGN,AMGN,AMGN,AMZN,ANET,ANET
36,ASC,AS,ARNC,ARNC,ARNC,APCC,APCC,APD,APCC,APCC,APA,APOL,AON,APA,APC,APD,APC,AON,ANTM,ANDV,AN,AMT,AMP,AMP,AMP,ANET,ANSS,ANSS
37,ASH,ASC,AS,ASC,ASH,APD,APD,APOL,APD,APD,APC,ARNC,APA,APC,APD,APH,APD,APA,AON,ANTM,ANDV,AMZN,AMT,AMT,AMT,ANSS,ANTM,AON
38,AT,ASH,ASC,ASH,ASO,ARNC,ARNC,ARNC,APOL,APOL,APCC,ASH,APC,APD,APH,APOL,APH,APC,APA,AON,ANTM,AN,AMZN,AMZN,AMZN,ANTM,AON,AOS
39,ATI,AT,ASH,ASND,AT,ASH,ASH,ASH,ARNC,ARNC,APD,ASN,APD,APH,APOL,ARG,APOL,APD,APC,APA,AON,ANDV,ANDV,ANET,ANET,AON,AOS,APA
40,AVP,ATI,AT,AT,ATI,ASO,ASO,ASO,ASH,ASH,APOL,AT,APOL,APOL,ARG,ARNC,ARG,APH,APD,APC,APA,ANTM,ANSS,ANSS,ANSS,AOS,APA,APD
41,AVY,AVP,ATI,ATI,AVP,AT,AT,AT,ASO,ASN,ARNC,ATI,ARNC,ARNC,ARNC,ATGE,ARNC,APOL,APH,APD,APC,AON,ANTM,ANTM,ANTM,APA,APD,APH
42,AXP,AVY,AVP,AVP,AVY,ATI,ATI,ATI,AT,ASO,ASH,AV,ASH,ATI,ATGE,ATI,ATGE,APTV,APTV,APH,APD,APA,AON,AON,AON,APD,APH,APTV
43,AZA.A,AXP,AVY,AVY,AW,AV,AV,AV,ATI,AT,ASN,AVP,ATI,AVB,ATI,AVB,ATI,ARG,ARG,APTV,APH,APC,AOS,AOS,AOS,APH,APTV,ARE
44,BA,AZA.A,AXP,AXP,AXP,AVP,AVP,AVP,AV,ATI,ASO,AVY,AVB,AVP,AVB,AVP,AVB,ARNC,ARNC,ARG,APTV,APD,APA,APA,APA,APTV,ARE,ATO
45,BAC,AZO,AZA.A,AZA.A,AZA.A,AVY,AVY,AVY,AVP,AV,AT,AW,AVP,AVY,AVP,AVY,AVP,ATI,ATI,ARNC,ARG,APH,APC,APC,APD,ARE,ATO,ATVI
46,BAX,BA,AZO,AZO,AZO,AW,AW,AW,AVY,AVP,ATI,AXP,AVY,AXP,AVY,AXP,AVY,AVB,AVB,ATI,ARNC,APTV,APD,APD,APH,ATO,ATVI,AVB
47,BBI,BAC,BA,BA,BA,AXP,AWE,AWE,AW,AVY,AV,AYE,AW,AYE,AXP,AYE,AXP,AVP,AVP,AVB,ATVI,ARNC,APH,APH,APTV,ATVI,AVB,AVGO
48,BC,BAX,BAC,BAC,BAC,AYE,AXP,AXP,AWE,AW,AVP,AZO,AXP,AZO,AYE,AZO,AZO,AVY,AVY,AVGO,AVB,ATVI,APTV,APTV,ARE,AVB,AVGO,AVY
49,BCO,BAY,BAX,BAX,BAX,AZA.A,AYE,AYE,AXP,AXP,AVY,BA,AYE,BA,AZO,BA,BA,AXP,AXP,AVP,AVGO,AVB,ARE,ARE,ARNC,AVGO,AVY,AWK
50,BCR,BBI,BAY,BBT,BBBY,AZO,AZO,AZO,AYE,AYE,AW,BAC,AZO,BAC,BA,BAC,BAC,AZO,AZO,AVY,AVY,AVGO,ARNC,ARNC,ATO,AVY,AWK,AXP
51,BDK,BC,BBI,BC,BBT,BA,BA,BA,AZO,AZO,AXP,BAX,BA,BAX,BAC,BAX,BAX,BA,BA,AXP,AXP,AVY,ATVI,ATVI,ATVI,AWK,AXP,AZO
52,BDX,BCR,BBT,BCR,BBY,BAC,BAC,BAC,BA,BA,AYE,BBBY,BAC,BBBY,BAX,BBBY,BBBY,BAC,BAC,AZO,AZO,AWK,AVB,AVB,AVB,AXP,AZO,BA
53,BEAM,BDK,BC,BDK,BC,BAX,BAX,BAX,BAC,BAC,AZO,BBT,BAX,BBT,BBBY,BBT,BBT,BAX,BAX,BA,BA,AXP,AVGO,AVGO,AVGO,AZO,BA,BAC
54,BEV,BDX,BCR,BDX,BCR,BBBY,BBBY,BBBY,BAX,BAX,BA,BBY,BBBY,BBY,BBT,BBY,BBY,BBBY,BBBY,BAC,BAC,AYI,AVY,AVY,AVY,BA,BAC,BALL
55,BF.B,BEAM,BDK,BEAM,BDK,BBT,BBT,BBT,BBBY,BBBY,BAC,BC,BBT,BCR,BBY,BCR,BCR,BBT,BBT,BAX,BAX,AZO,AWK,AWK,AWK,BAC,BAX,BAX
56,BFI,BEV,BDX,BEN,BDX,BBY,BBY,BBY,BBT,BBT,BAX,BCR,BBY,BDK,BCR,BDX,BDX,BBY,BBY,BBBY,BBBY,BA,AXP,AXP,AXP,BAX,BBWI,BBWI
57,BFO,BF.B,BEAM,BF.B,BEAM,BC,BC,BC,BBY,BBY,BBBY,BDK,BC,BDX,BDK,BEAM,BEAM,BCR,BCR,BBT,BBT,BAC,AYI,AZO,AZO,BBY,BBY,BBY
58,BGG,BFI,BF.B,BFI,BEN,BCR,BCR,BCR,BC,BC,BBT,BDX,BCR,BEAM,BDX,BEN,BEN,BDX,BDX,BBY,BBY,BAX,AZO,BA,BA,BDX,BDX,BDX
59,BHGE,BFO,BFI,BFO,BF.B,BDK,BDK,BDK,BCR,BCR,BBY,BEAM,BDK,BEN,BEAM,BF.B,BF.B,BEAM,BEAM,BCR,BCR,BBBY,BA,BAC,BAC,BEN,BEN,BEN
60,BHMSQ,BGG,BFO,BGG,BFO,BDX,BDX,BDX,BDK,BDK,BC,BEN,BDX,BF.B,BEN,BHGE,BHGE,BEN,BEN,BDX,BDX,BBT,BAC,BAX,BAX,BF.B,BF.B,BF.B
61,BK,BHGE,BGG,BHGE,BGG,BEAM,BEAM,BEAM,BDX,BDX,BCR,BF.B,BEAM,BHGE,BF.B,BIG,BIG,BF.B,BF.B,BEN,BEN,BBY,BAX,BBT,BBY,BIIB,BIIB,BIIB
62,BKB,BHMSQ,BHGE,BHMSQ,BHGE,BEN,BEN,BEN,BEAM,BEAM,BDK,BHGE,BEN,BIG,BHGE,BIIB,BIIB,BHGE,BHGE,BF.B,BF.B,BCR,BBT,BBY,BDX,BIO,BIO,BIO
63,BLL,BK,BHMSQ,BIG,BHMSQ,BF.B,BF.B,BF.B,BEN,BEN,BDX,BIG,BF.B,BIIB,BIG,BK,BK,BIG,BIIB,BHGE,BHGE,BDX,BBY,BDX,BEN,BK,BK,BK
64,BLS,BKB,BK,BK,BIG,BGEN,BGEN,BGEN,BF.B,BF.B,BEAM,BIIB,BHGE,BJS,BIIB,BKNG,BKNG,BIIB,BK,BIIB,BIIB,BEN,BDX,BEN,BF.B,BKNG,BKNG,BKNG
65,BLY,BLL,BKB,BKB,BK,BGG,BHGE,BHGE,BHGE,BHGE,BEN,BJS,BIG,BK,BJS,BLL,BLK,BK,BKNG,BK,BK,BF.B,BEN,BF.B,BIIB,BKR,BKR,BKR
66,BMET,BLS,BLL,BLL,BLL,BHGE,BIG,BIG,BIG,BIG,BF.B,BK,BIIB,BLL,BK,BMC,BLL,BKNG,BLK,BKNG,BKNG,BHGE,BF.B,BHF,BK,BLK,BLK,BLK
67,BMS,BMET,BLS,BLS,BLS,BIG,BK,BJS,BIIB,BIIB,BHGE,BLL,BJS,BMC,BKNG,BMS,BMC,BLK,BLL,BLK,BLK,BIIB,BHF,BHGE,BKNG,BLL,BLL,BMY
68,BMY,BMGCA,BMET,BMC,BMC,BK,BLL,BK,BJS,BJS,BIG,BMC,BK,BMS,BLL,BMY,BMS,BLL,BMS,BLL,BLL,BK,BHGE,BIIB,BKR,BMY,BMY,BR
69,BNI,BMS,BMGCA,BMET,BMET,BLL,BLS,BLL,BK,BK,BIIB,BMET,BLL,BMY,BMC,BRCM,BMY,BMC,BMY,BMY,BMY,BKNG,BIIB,BK,BLK,BR,BR,BRK.B
70,BNL,BMY,BMS,BMGCA,BMS,BLS,BMC,BLS,BLL,BLL,BJS,BMS,BMC,BNI,BMS,BRK.B,BRCM,BMS,BRCM,BRCM,BRCM,BLK,BK,BKNG,BLL,BRK.B,BRK.B,BRO
71,BOAT,BNI,BMY,BMS,BMY,BMC,BMET,BMC,BLS,BLS,BK,BMY,BMS,BRCM,BMY,BSX,BRK.B,BMY,BRK.B,BRK.B,BRK.B,BLL,BKNG,BLK,BMY,BSX,BRO,BSX
72,BOL,BNL,BNI,BMY,BNI,BMET,BMS,BMET,BMC,BMC,BLL,BNI,BMY,BSX,BNI,BTUUQ,BSX,BRCM,BSX,BSX,BSX,BMY,BLK,BLL,BR,BWA,BSX,BWA
73,BR,BOAT,BNL,BNI,BOL,BMS,BMY,BMS,BMET,BMET,BLS,BOL,BNI,BTUUQ,BRCM,BXP,BTUUQ,BRK.B,BTUUQ,BWA,BWA,BRK.B,BLL,BMY,BRK.B,BXP,BWA,BXP
74,BSX,BOL,BOL,BOL,BR,BMY,BNI,BMY,BMS,BMS,BMC,BRCM,BRCM,BXP,BSX,C,BWA,BSX,BWA,BXP,BXLT,BSX,BMY,BR,BSX,C,BXP,C
75,BT,BR,BR,BR,BSC,BNI,BOL,BNI,BMY,BMY,BMET,BRL,BRL,C,BTUUQ,CA,BXP,BTUUQ,BXP,C,BXP,BWA,BRK.B,BRK.B,BWA,CAG,C,CAG
76,BUD,BSX,BSX,BSC,BSX,BOL,BR,BOL,BNI,BNI,BMS,BSC,BSC,CA,BXP,CAG,C,BWA,C,CA,C,BXP,BSX,BSX,BXP,CAH,CAG,CAH
77,C,BT,BT,BSX,BUD,BR,BRCM,BR,BOL,BOL,BMY,BSX,BSX,CAG,C,CAH,CA,BXP,CA,CAG,CA,C,BWA,BWA,C,CARR,CAH,CARR
78,CA,BUD,BUD,BT,C,BRCM,BSC,BRCM,BR,BR,BNI,BTUUQ,BTUUQ,CAH,CA,CAM,CAG,C,CAG,CAH,CAG,CA,BXP,BXP,CAG,CAT,CARR,CAT
79,CAG,C,C,BUD,CA,BSC,BSX,BSC,BRCM,BRCM,BOL,BUD,BUD,CAM,CAG,CAT,CAH,CA,CAH,CAM,CAH,CAG,C,C,CAH,CB,CAT,CB
80,CAL,CA,CA,C,CAG,BSX,BUD,BSX,BSC,BSC,BR,BXP,BXP,CAT,CAH,CB,CAM,CAG,CAM,CAT,CAM,CAH,CA,CAG,CAT,CBOE,CB,CBOE
81,CAR,CAG,CAG,CA,CAH,BUD,C,BUD,BSX,BSX,BRCM,C,C,CB,CAM,CBRE,CAT,CAH,CAT,CB,CAT,CAT,CAG,CAH,CB,CBRE,CBOE,CBRE
82,CAT,CAR,CAH,CAG,CAR,BVSN,CA,C,BUD,BUD,BSC,CA,CA,CBE,CAT,CBS,CB,CAM,CB,CBRE,CB,CB,CAH,CAT,CBOE,CCI,CBRE,CCI
83,CB,CAT,CAR,CAH,CAT,C,CAG,CA,C,C,BSX,CAG,CAG,CBRE,CB,CCE,CBE,CAT,CBRE,CBS,CBRE,CBRE,CAT,CB,CBRE,CCL,CCI,CCL
84,CBB,CB,CAT,CAR,CB,CA,CAH,CAG,CA,CA,BUD,CAH,CAH,CBS,CBRE,CCL,CBRE,CB,CBS,CCE,CBS,CBS,CB,CBOE,CCI,CDNS,CCL,CDAY
85,CBE,CBB,CB,CAT,CBE,CAG,CAR,CAH,CAG,CAG,C,CAT,CAT,CCE,CBS,CEG,CBS,CBRE,CCE,CCI,CCE,CCI,CBOE,CBRE,CCL,CDW,CDAY,CDNS
86,CBS,CBE,CBB,CB,CBS,CAH,CAT,CAR,CAH,CAH,CA,CB,CB,CCL,CCE,CELG,CCE,CBS,CCI,CCL,CCEP,CCL,CBRE,CBS,CDNS,CE,CDNS,CDW
87,CCB,CBS,CBE,CBE,CCE,CAR,CB,CAT,CAR,CAR,CAG,CBE,CBE,CEG,CCL,CEPH,CCL,CCE,CCL,CELG,CCI,CELG,CBS,CCI,CDW,CERN,CDW,CE
88,CCI,CCI,CBS,CBS,CCK,CAT,CBE,CB,CAT,CAT,CAH,CBH,CBH,CELG,CEG,CERN,CEG,CCI,CELG,CERN,CCL,CERN,CCI,CCL,CE,CF,CE,CEG
89,CCK,CCK,CCI,CCE,CCL,CB,CBS,CBE,CB,CB,CAR,CBRE,CBRE,CEPH,CELG,CF,CELG,CCL,CERN,CF,CELG,CF,CCL,CDNS,CERN,CFG,CERN,CF
90,CCTYQ,CCTYQ,CCK,CCK,CCTYQ,CBE,CCE,CBS,CBE,CBE,CAT,CBS,CBS,CF,CEPH,CFN,CERN,CELG,CF,CFN,CERN,CFG,CDNS,CE,CF,CHD,CF,CFG
91,CEG,CEG,CCTYQ,CCL,CCU,CBS,CCL,CCE,CBS,CBS,CB,CBSS,CCE,CHK,CF,CHK,CF,CERN,CFN,CHK,CF,CHD,CELG,CELG,CFG,CHRW,CFG,CHD
92,CEN,CEN,CCU,CCTYQ,CEG,CCE,CCTYQ,CCL,CCE,CBSS,CBE,CCE,CCL,CHRW,CFN,CHRW,CFN,CF,CHK,CHRW,CHD,CHK,CERN,CERN,CHD,CHTR,CHD,CHRW
93,CFL,CFL,CEG,CCU,CEN,CCL,CCU,CCTYQ,CCL,CCE,CBS,CCL,CCTYQ,CI,CHK,CI,CHK,CFN,CHRW,CI,CHK,CHRW,CF,CF,CHRW,CI,CHRW,CHTR
94,CG,CG,CEN,CEG,CFC,CCTYQ,CE,CCU,CCTYQ,CCL,CBSS,CCTYQ,CCU,CIEN,CHRW,CINF,CHRW,CHK,CI,CINF,CHRW,CHTR,CFG,CFG,CHTR,CINF,CHTR,CI
95,CGP,CGP,CFC,CEN,CG,CCU,CEG,CE,CCU,CCTYQ,CCE,CCU,CEG,CINF,CI,CL,CI,CHRW,CINF,CL,CI,CI,CHD,CHD,CI,CL,CI,CINF
96,CHA,CHA,CFL,CFC,CGP,CEG,CF,CEG,CE,CCU,CCL,CEG,CELG,CITGQ,CINF,CLF,CINF,CI,CL,CLX,CINF,CINF,CHK,CHRW,CINF,CLX,CINF,CL
97,CHRS,CHRS,CG,CG,CHA,CEN,CFC,CF,CEG,CEG,CCTYQ,CELG,CFC,CL,CL,CLX,CL,CINF,CLF,CMA,CL,CL,CHRW,CHTR,CL,CMA,CL,CLX
98,CI,CI,CGP,CGP,CI,CF,CHIR,CFC,CF,CFC,CCU,CFC,CHK,CLX,CLF,CMA,CLF,CL,CLX,CMCSA,CLX,CLX,CHTR,CI,CLX,CMCSA,CLX,CMA
99,CIN,CIN,CHA,CHA,CIN,CFC,CI,CHIR,CFC,CHIR,CEG,CHK,CHRW,CMA,CLX,CMCSA,CLX,CLF,CMA,CME,CMA,CMA,CI,CINF,CMA,CME,CMA,CMCSA
100,CL,CL,CHRS,CI,CINF,CGP,CIEN,CI,CHIR,CI,CFC,CI,CI,CMCSA,CMA,CME,CMA,CLX,CMCSA,CMG,CMCSA,CMCSA,CINF,CL,CMCSA,CMG,CMCSA,CME
101,CLX,CLX,CI,CIN,CL,CHIR,CIN,CIEN,CI,CIEN,CHIR,CIEN,CIEN,CME,CMCSA,CMI,CMCSA,CMA,CME,CMI,CME,CME,CL,CLX,CME,CMI,CME,CMG
102,CMA,CMA,CIN,CINF,CLX,CI,CINF,CIN,CIEN,CIN,CI,CINF,CINF,CMI,CME,CMS,CME,CMCSA,CMG,CMS,CMG,CMG,CLX,CMA,CMG,CMS,CMG,CMI
103,CMB,CMCSA,CINF,CL,CMA,CIN,CL,CINF,CIN,CINF,CIEN,CITGQ,CITGQ,CMS,CMI,CNP,CMG,CME,CMI,CNP,CMI,CMI,CMA,CMCSA,CMI,CNC,CMI,CMS
104,CMCSA,CMI,CL,CLX,CMCSA,CINF,CLX,CL,CINF,CITGQ,CIN,CL,CL,CNP,CMS,CNX,CMI,CMG,CMS,CNX,CMS,CMS,CMCSA,CME,CMS,CNP,CMS,CNC
105,CMI,CNG,CLX,CMA,CMI,CIT.A,CMA,CLX,CL,CL,CINF,CLX,CLX,CNX,CNP,COF,CMS,CMI,CNP,COF,CNP,CNC,CME,CMG,CNC,COF,CNC,CNP
106,CNG,CNP,CMA,CMCSA,CMS,CL,CMCSA,CMA,CLX,CLX,CITGQ,CMA,CMA,COF,CNX,COG,CNP,CMS,CNX,COG,CNX,CNP,CMG,CMI,CNP,COG,CNP,COF
107,CNP,COMS,CMCSA,CMI,CMVT,CLX,CMI,CMCSA,CMA,CMA,CL,CMCSA,CMCSA,COG,COF,COL,CNX,CNP,COF,COL,COF,COF,CMI,CMS,COF,COO,COF,COO
108,CNW,COP,CMI,CNC,CNC,CMA,CMS,CMI,CMCSA,CMCSA,CLX,CME,CME,COL,COG,COP,COF,CNX,COG,COP,COG,COG,CMS,CNC,COG,COP,COO,COP
109,COMS,COST,CNC,CNG,CNG,CMCSA,CMVT,CMS,CMI,CMI,CMA,CMI,CMI,COP,COL,COST,COG,COF,COL,COST,COL,COL,CNC,CNP,COO,COST,COP,COST
110,COP,CPB,CNG,CNP,CNP,CMI,CNC,CMVT,CMS,CMS,CMCSA,CMS,CMS,COST,COP,CPB,COL,COG,COP,COV,COP,COO,CNP,COF,COP,CPB,COST,CPB
111,COST,CPQ,CNP,COF,COC.B,CMS,CNP,CNP,CMVT,CMVT,CMI,CMVT,CNP,COV,COST,CPWR,COP,COL,COST,CPB,COST,COP,COF,COG,COST,CPRT,CPB,CPRT
112,COV,CR,COMS,COMS,COF,CMVT,CNXT,COF,CNP,CMX,CMS,CMX,CNX,CPB,CPB,CRM,COST,COP,COV,CRM,CPB,COST,COG,COO,COTY,CRM,CPRT,CPT
113,CPB,CRR,COP,COP,COMS,CNC,COC.B,COL,COF,CNP,CMVT,CNP,COF,CPWR,CPWR,CSCO,COV,COST,CPB,CSCO,CPGX,COTY,COL,COP,CPB,CSCO,CRL,CRL
114,CPQ,CSCO,COST,COST,COP,CNP,COF,COP,COL,COF,CMX,CNX,COL,CRM,CRM,CSX,CPB,COV,CRM,CSX,CPRI,CPB,COO,COST,CPRI,CSX,CRM,CRM
115,CR,CSE,CPB,CPB,COST,CNXT,COL,COST,COP,COL,CNP,COF,COP,CSCO,CSCO,CTAS,CRM,CPB,CSCO,CTAS,CRM,CPRI,COP,COTY,CPRT,CTAS,CSCO,CSCO
116,CRR,CSR,CPQ,CPQ,CPB,COC.B,COP,CPB,COST,COP,COF,COL,COST,CSX,CSX,CTL,CSCO,CRM,CSX,CTL,CSCO,CRM,COST,CPB,CRM,CTLT,CSX,CSGP
117,CSCO,CSX,CR,CPWR,CPQ,COF,COST,CPNLQ,CPB,COST,COL,COP,COV,CTAS,CTAS,CTSH,CSX,CSCO,CTAS,CTSH,CSRA,CSCO,COTY,CPRI,CSCO,CTSH,CTAS,CSX
118,CSR,CTB,CSCO,CR,CPWR,COP,CPB,CPWR,CPNLQ,CPB,COP,COST,CPB,CTL,CTL,CTXS,CTAS,CSX,CTL,CTXS,CSX,CSRA,CPB,CPRT,CSX,CTVA,CTLT,CTAS
119,CSX,CTX,CSE,CSCO,CR,COST,CPNLQ,CR,CPWR,CPNLQ,COST,CPB,CPWR,CTSH,CTSH,CVC,CTL,CTAS,CTSH,CVC,CTAS,CSX,CPRI,CRM,CTAS,CTXS,CTRA,CTLT
120,CTB,CVS,CSR,CSE,CSCO,CPB,CPQ,CSCO,CR,CPWR,CPB,CPWR,CSCO,CTX,CTXS,CVH,CTSH,CTL,CTXS,CVS,CTL,CTAS,CRM,CSCO,CTL,CVS,CTSH,CTRA
121,CTX,CVX,CSX,CSR,CSR,CPNLQ,CPWR,CSX,CSCO,CSCO,CPWR,CSCO,CSX,CTXS,CVH,CVS,CTXS,CTSH,CVC,CVX,CTSH,CTL,CSCO,CSX,CTSH,CVX,CTVA,CTSH
122,CVS,CYM,CTB,CSX,CSX,CPQ,CR,CTAS,CSX,CSX,CSCO,CSX,CTAS,CVG,CVS,CVX,CVC,CTXS,CVS,D,CTXS,CTSH,CSRA,CTAS,CTVA,CXO,CTXS,CTVA
123,CVX,D,CTX,CTB,CTB,CPWR,CSCO,CTB,CTAS,CTAS,CSX,CTAS,CTL,CVH,CVX,D,CVH,CVC,CVX,DAL,CVC,CTXS,CSX,CTL,CTXS,D,CVS,CVS
124,CYM,DALRQ,CVS,CTX,CTL,CR,CSX,CTL,CTB,CTB,CTAS,CTL,CTSH,CVS,D,DD,CVS,CVH,D,DD,CVS,CVS,CTAS,CTSH,CVS,DAL,CVX,CVX
125,CYR,DCNAQ,CVX,CVS,CTX,CSCO,CTAS,CTX,CTL,CTL,CTB,CTSH,CTX,CVX,DD,DE,CVX,CVS,DAL,DE,CVX,CVX,CTL,CTXS,CVX,DD,CZR,CZR
126,D,DD,CYM,CVX,CTXS,CSX,CTB,CTXS,CTX,CTX,CTL,CTX,CTXS,D,DE,DELL,D,CVX,DD,DFS,D,CXO,CTSH,CVS,CXO,DE,D,D
127,DALRQ,DDS,D,CYM,CVS,CTB,CTL,CVG,CTXS,CTXS,CTX,CTXS,CVG,DD,DELL,DF,DD,D,DE,DG,DAL,D,CTXS,CVX,D,DFS,DAL,DAL
128,DCNAQ,DE,DALRQ,D,CVX,CTL,CTX,CVS,CVG,CVG,CTXS,CVG,CVH,DDR,DF,DFS,DE,DD,DFS,DGX,DD,DAL,CVS,CXO,DAL,DG,DD,DD
129,DD,DEC,DCNAQ,DALRQ,D,CTX,CTXS,CVX,CVS,CVS,CVG,CVH,CVS,DE,DFS,DGX,DELL,DE,DG,DHI,DE,DD,CVX,D,DD,DGX,DE,DE
130,DDS,DELL,DD,DCNAQ,DALRQ,CTXS,CVG,D,CVX,CVX,CVH,CVS,CVX,DELL,DGX,DHI,DF,DELL,DGX,DHR,DFS,DE,CXO,DAL,DE,DHI,DFS,DFS
131,DE,DGN,DDS,DD,DCNAQ,CVG,CVS,DALRQ,D,D,CVS,CVX,D,DF,DHI,DHR,DFS,DF,DHI,DIS,DG,DFS,D,DE,DFS,DHR,DG,DG
132,DEC,DI,DE,DDS,DD,CVS,CVX,DCNAQ,DALRQ,DALRQ,CVX,D,DD,DFS,DHR,DIS,DGX,DFS,DHR,DISCA,DGX,DG,DAL,DFS,DG,DIS,DGX,DGX
133,DGN,DIGI,DEC,DE,DDS,CVX,D,DD,DCNAQ,DCNAQ,D,DD,DDR,DGX,DIS,DISCA,DHI,DG,DIS,DISCK,DHI,DGX,DE,DG,DGX,DISCA,DHI,DHI
134,DI,DIS,DELL,DELL,DE,D,DALRQ,DDS,DD,DD,DCNAQ,DDS,DDS,DHI,DNB,DNB,DHR,DGX,DISCA,DLTR,DHR,DHI,DFS,DGX,DHI,DISCK,DHR,DHR
135,DIGI,DJ,DGN,DG,DELL,DALRQ,DCNAQ,DE,DDS,DDS,DD,DE,DE,DHR,DNR,DNR,DIS,DHI,DLTR,DNB,DIS,DHR,DG,DHI,DHR,DISH,DIS,DIS
136,DIS,DLX,DI,DGN,DG,DCNAQ,DD,DELL,DE,DE,DDS,DELL,DELL,DIS,DO,DO,DISCA,DHR,DNB,DNR,DISCA,DIS,DGX,DHR,DIS,DLR,DISCA,DISH
137,DJ,DOV,DIGI,DHR,DHR,DD,DDS,DG,DELL,DELL,DE,DF,DF,DNB,DOV,DOV,DLTR,DIS,DNR,DO,DISCK,DISCA,DHI,DIS,DISCA,DLTR,DISCK,DLR
138,DLX,DOW,DIS,DIS,DIS,DDS,DE,DGX,DG,DG,DELL,DG,DFS,DOV,DOW,DOW,DNB,DISCA,DO,DOV,DLTR,DISCK,DHR,DISCA,DISCK,DOV,DISH,DLTR
139,DOV,DRI,DJ,DJ,DJ,DE,DELL,DHR,DGX,DGX,DG,DGX,DGX,DOW,DRI,DRI,DNR,DLTR,DOV,DOW,DNB,DLR,DIS,DISCK,DISH,DOW,DLR,DOV
140,DOW,DTE,DLX,DLX,DLX,DELL,DG,DIS,DHR,DHR,DGX,DHI,DHI,DRI,DTE,DTE,DO,DNB,DOW,DRI,DO,DLTR,DISCA,DISH,DLR,DPZ,DLTR,DOW
141,DRI,DUK,DOV,DOV,DOV,DG,DHR,DJ,DIS,DIS,DHI,DHR,DHR,DTE,DTV,DTV,DOV,DNR,DRI,DTE,DOV,DNB,DISCK,DLR,DLTR,DRE,DOV,DPZ
142,DTE,DWD,DOW,DOW,DOW,DHR,DIS,DLX,DJ,DJ,DHR,DIS,DIS,DTV,DUK,DUK,DOW,DO,DTE,DTV,DOW,DOV,DISH,DLTR,DOV,DRI,DOW,DRI
143,DUK,DXC,DRI,DRI,DPHIQ,DIS,DJ,DOV,DLX,DOV,DIS,DJ,DOV,DUK,DVA,DVA,DRI,DOV,DTV,DUK,DRI,DOW,DLR,DOV,DOW,DTE,DPZ,DTE
144,DWD,EC,DTE,DTE,DRI,DJ,DLX,DOW,DOV,DOW,DJ,DOV,DOW,DVA,DVN,DVN,DTE,DOW,DUK,DVA,DTE,DRI,DLTR,DRE,DRE,DUK,DRE,DUK
145,DXC,ECH,DUK,DUK,DTE,DLX,DOV,DPHIQ,DOW,DPHIQ,DOV,DOW,DRI,DVN,DXC,DXC,DTV,DRI,DVA,DVN,DUK,DTE,DOV,DRI,DRI,DVA,DRI,DVA
146,EC,ECL,DXC,DXC,DUK,DOV,DOW,DRI,DPHIQ,DRI,DOW,DRI,DTE,DXC,EA,EA,DUK,DTE,DVN,DXC,DVA,DUK,DRE,DTE,DTE,DVN,DTE,DVN
147,ECH,ECO,EC,EC,DXC,DOW,DPHIQ,DTE,DRI,DTE,DRI,DTE,DTV,DYN,EBAY,EBAY,DVA,DTV,DXC,EA,DVN,DVA,DRI,DUK,DUK,DXC,DUK,DXC
148,ECL,ED,ECH,ECL,EC,DPHIQ,DRI,DUK,DTE,DUK,DTE,DTV,DUK,EA,ECL,ECL,DVN,DUK,EA,EBAY,EA,DVN,DTE,DVA,DVA,DXCM,DVA,DXCM
149,ECO,EFU,ECL,ED,ECL,DRI,DTE,DVN,DUK,DVN,DUK,DUK,DVN,EBAY,ED,ED,DXC,DVA,EBAY,ECL,EBAY,EA,DUK,DVN,DVN,EA,DVN,EA
150,ED,EIX,ECO,EDS,ED,DTE,DUK,DXC,DVN,DXC,DVN,DVN,DXC,ECL,EFX,EFX,EA,DVN,ECL,ED,ECL,EBAY,DVA,DWDP,DXC,EBAY,DXC,EBAY
151,EFU,EKDKQ,ED,EFU,EDS,DUK,DVN,DYN,DXC,DYN,DXC,DXC,DYN,ED,EIX,EIX,EBAY,DXC,ED,EFX,ED,ECL,DVN,DXC,EA,ECL,DXCM,ECL
152,EIX,EMC,EFU,EFX,EFU,DVN,DXC,EA,DYN,EA,DYN,DYN,EA,EFX,EKDKQ,EL,ECL,EA,EFX,EIX,EFX,ED,DWDP,EA,EBAY,ED,EA,ED
153,EKDKQ,EMN,EFX,EHC,EFX,DXC,DYN,EBAY,EA,EBAY,EA,EA,EBAY,EIX,EL,EMC,ED,EBAY,EIX,EL,EIX,EFX,DXC,EBAY,ECL,EFX,EBAY,EFX
154,EMN,EMR,EHC,EIX,EHC,DYN,EC,EC,EBAY,EC,EBAY,EBAY,ECL,EKDKQ,EMC,EMN,EFX,ECL,EL,EMC,EL,EIX,EA,ECL,ED,EIX,ECL,EIX
155,EMR,ENRNQ,EIX,EKDKQ,EIX,EC,ECL,ECL,EC,ECL,EC,ECL,ED,EL,EMN,EMR,EIX,ED,EMC,EMN,EMC,EL,EBAY,ED,EFX,EL,ED,EL
156,ENRNQ,ENS,EKDKQ,EMC,EKDKQ,ECL,ED,ED,ECL,ED,ECL,ED,EDS,EMC,EMR,EOG,EL,EFX,EMN,EMR,EMN,EMN,ECL,EFX,EIX,EMN,EFX,ELV
157,ENS,ETN,EMC,EMN,EMC,ED,EDS,EDS,ED,EDS,ED,EDS,EFX,EMN,EOG,EP,EMC,EIX,EMR,EOG,EMR,EMR,ED,EIX,EL,EMR,EIX,EMN
158,ETN,ETR,EMN,EMR,EMN,EDS,EFX,EFX,EDS,EFX,EDS,EFX,EIX,EMR,EP,EQR,EMN,EL,EOG,EQR,ENDP,ENDP,EFX,EL,EMN,ENPH,EL,EMR
159,ETR,ETS,EMR,ENRNQ,EMR,EFX,EHC,EHC,EFX,EIX,EFX,EIX,EKDKQ,EOG,EQR,EQT,EMR,EMC,EQR,EQT,EOG,EOG,EIX,EMN,EMR,EOG,EMN,ENPH
160,ETS,EXC,ENRNQ,ETN,ENRNQ,EHC,EIX,EIX,EIX,EKDKQ,EIX,EKDKQ,EL,EP,EQT,ES,EOG,EMN,EQT,ES,EQIX,EQIX,EL,EMR,EOG,EQIX,EMR,EOG
161,EXC,F,ETN,ETR,EP,EIX,EKDKQ,EKDKQ,EKDKQ,EMC,EKDKQ,EL,EMC,EQ,ES,ESRX,EP,EMR,ES,ESRX,EQR,EQR,EMN,EOG,EQIX,EQR,ENPH,EPAM
162,F,FBF,ETR,ETS,ETN,EKDKQ,EMC,EMC,EMC,EMN,EMC,EMC,EMN,EQR,ESRX,ETFC,EQR,EOG,ESRX,ESS,EQT,EQT,EMR,EQIX,EQR,ES,EOG,EQIX
163,FBF,FCN,ETS,EXC,ETR,EMC,EMN,EMN,EMN,EMR,EMN,EMN,EMR,EQT,ETFC,ETN,EQT,EQR,ESV,ESV,ES,ES,EOG,EQR,ES,ESS,EPAM,EQR
164,FBO,FCX,EXC,F,ETS,EMN,EMR,EMR,EMR,EOG,EMR,EMR,EOG,ESRX,ETN,ETR,ES,EQT,ETFC,ETFC,ESRX,ESRX,EQIX,ES,ESS,ETN,EQIX,EQT
165,FCN,FDC,F,FBF,EXC,EMR,EOG,EOG,EOG,EOP,EOG,EOG,EP,ESV,ETR,EXC,ESRX,ES,ETN,ETN,ESS,ESS,EQR,ESS,ETFC,ETR,EQR,ES
166,FCX,FDX,FBF,FCX,F,ENRNQ,EOP,EOP,EOP,EP,EOP,EOP,EQ,ETFC,EXC,EXPD,ETFC,ESRX,ETR,ETR,ESV,ETFC,EQT,ETFC,ETN,ETSY,ES,ESS
167,FDC,FE,FCN,FDC,FBF,EOG,EP,EP,EP,EQR,EP,EP,EQR,ETN,EXPD,EXPE,ETN,ESV,EW,EW,ETFC,ETN,ES,ETN,ETR,EVRG,ESS,ETN
168,FDX,FG,FCX,FDX,FCX,EP,EQR,EQR,EQR,ESRX,EQR,EQ,ESRX,ETR,EXPE,F,ETR,ETFC,EXC,EXC,ETN,ETR,ESRX,ETR,EVRG,EW,ETN,ETR
169,FE,FITB,FDC,FE,FDC,ETN,ETN,ETN,ESRX,ETFC,ESRX,EQR,ESV,EXC,F,FAST,EW,ETN,EXPD,EXPD,ETR,EVHC,ESS,EVRG,EW,EXC,ETR,ETSY
170,FG,FJ,FDX,FITB,FDX,ETR,ETR,ETR,ETN,ETN,ETFC,ESRX,ETFC,EXPD,FAST,FCX,EXC,ETR,EXPE,EXPE,EW,EW,ETFC,EW,EXC,EXPD,ETSY,EVRG
171,FJ,FL,FE,FJ,FE,ETS,EXC,EXC,ETR,ETR,ETN,ETFC,ETN,EXPE,FCX,FDO,EXPD,EW,F,F,EXC,EXC,ETN,EXC,EXPD,EXPE,EVRG,EW
172,FL,FLMIQ,FG,FLTWQ,FITB,EXC,F,F,EXC,EXC,ETR,ETN,ETR,F,FDO,FDX,EXPE,EXC,FAST,FAST,EXPD,EXPD,ETR,EXPD,EXPE,EXR,EW,EXC
173,FLMIQ,FLTWQ,FITB,FMC,FJ,F,FBF,FBF,F,F,EXC,ETR,EXC,FAST,FDX,FE,F,EXPD,FB,FB,EXPE,EXPE,EVHC,EXPE,EXR,F,EXC,EXPD
174,FLTWQ,FMC,FJ,FMCC,FLTWQ,FBF,FCX,FCX,FBF,FCX,F,EXC,EXPD,FCX,FE,FFIV,FAST,EXPE,FCX,FCX,F,EXR,EW,EXR,F,FANG,EXPD,EXPE
175,FMC,FMCC,FL,FMY,FMC,FCX,FDC,FDC,FCX,FDC,FCX,F,EXPE,FDO,FHN,FHN,FCX,F,FDO,FDO,FAST,F,EXC,F,FANG,FAST,EXPE,EXR
176,FMCC,FNMA,FLTWQ,FNMA,FMCC,FDC,FDO,FDO,FDC,FDO,FDC,FCX,F,FDX,FII,FII,FDO,FAST,FDX,FDX,FB,FAST,EXPD,FANG,FAST,FB,EXR,F
177,FNMA,FRO,FMC,FRO,FNMA,FDX,FDX,FDX,FDO,FDX,FDO,FDC,FCX,FE,FIS,FIS,FDX,FCX,FE,FE,FCX,FB,EXPE,FAST,FB,FBHS,F,FANG
178,FTL.A,FTL.A,FMCC,FTL.A,FPC,FE,FE,FE,FDX,FE,FDX,FDO,FDO,FHN,FISV,FISV,FE,FDO,FFIV,FFIV,FDX,FBHS,EXR,FB,FBHS,FCX,FANG,FAST
179,FWLT,FWLT,FNMA,FWLT,FWLT,FITB,FISV,FHN,FE,FHN,FE,FDX,FDX,FII,FITB,FITB,FFIV,FDX,FIS,FIS,FE,FCX,F,FBHS,FCX,FDX,FAST,FCX
180,G,G,FRO,G,G,FLR,FITB,FISV,FHN,FII,FHN,FE,FE,FIS,FLIR,FLIR,FHN,FE,FISV,FISV,FFIV,FDX,FAST,FCX,FDX,FE,FB,FDS
181,GAPTQ,GAPTQ,FTL.A,GAPTQ,GAPTQ,FMC,FLR,FITB,FII,FISV,FII,FHN,FHN,FISV,FLR,FLR,FII,FFIV,FITB,FITB,FIS,FE,FB,FDX,FE,FFIV,FBHS,FDX
182,GAS,GAS,FWLT,GAS,GAS,FMCC,FMCC,FLR,FISV,FITB,FISV,FII,FII,FITB,FLS,FLS,FIS,FHN,FLIR,FLIR,FISV,FFIV,FBHS,FE,FFIV,FIS,FCX,FE
183,GD,GD,G,GD,GD,FNMA,FNMA,FMCC,FITB,FLR,FITB,FIS,FIS,FLIR,FMC,FMC,FISV,FIS,FLR,FLR,FITB,FIS,FCX,FFIV,FIS,FISV,FDS,FFIV
184,GDW,GDT,GAPTQ,GDT,GDT,FRX,FRX,FNMA,FLR,FMCC,FLR,FISV,FISV,FLR,FOXA,FOXA,FITB,FISV,FLS,FLS,FLIR,FISV,FDX,FIS,FISV,FITB,FDX,FIS
185,GE,GDW,GAS,GDW,GDW,G,FTR,FRX,FMCC,FNMA,FMCC,FITB,FITB,FLS,FRX,FRX,FLIR,FITB,FMC,FMC,FLR,FITB,FE,FISV,FITB,FLIR,FE,FISV
186,GFS.A,GE,GD,GE,GE,GAS,G,FTR,FNMA,FOXA,FNMA,FLR,FLR,FOXA,FSLR,FSLR,FLR,FLIR,FOSL,FOSL,FLS,FL,FFIV,FITB,FLIR,FLS,FFIV,FITB
187,GIDL,GFS.A,GDT,GIS,GIS,GD,GAS,G,FRX,FRX,FOXA,FMCC,FMCC,FRX,FTI,FTI,FLS,FLR,FOXA,FOXA,FMC,FLIR,FIS,FL,FLS,FLT,FIS,FLT
188,GIS,GIDL,GDW,GLK,GLK,GDT,GD,GAS,FTR,FSH,FRX,FNMA,FNMA,FTR,FTR,FTR,FMC,FLS,FRX,FSLR,FOSL,FLR,FISV,FLIR,FLT,FMC,FISV,FMC
189,GLD,GIS,GE,GLW,GLW,GDW,GDT,GD,G,FSL,FSH,FOXA,FOXA,GAS,GAS,GAS,FOXA,FMC,FSLR,FTI,FOX,FLS,FITB,FLR,FMC,FOX,FITB,FOX
190,GLK,GLD,GFS.A,GP,GP,GE,GDW,GDT,GAS,FTR,FSL,FRX,FRX,GD,GD,GD,FRX,FOSL,FTI,FTR,FOXA,FMC,FL,FLS,FOX,FOXA,FLT,FOXA
191,GLW,GLK,GIS,GPC,GPC,GIS,GE,GDW,GD,G,FTR,FTR,FTR,GE,GE,GE,FSLR,FOXA,FTR,GAS,FSLR,FOX,FLIR,FLT,FOXA,FRC,FMC,FRC
192,GP,GLW,GLK,GPS,GPS,GLK,GENZ,GE,GDT,GAS,GAS,GAS,GAS,GENZ,GENZ,GENZ,FTI,FRX,GAS,GD,FTI,FOXA,FLR,FMC,FRC,FRT,FOX,FRT
193,GPC,GNT,GLW,GPU,GPU,GLW,GIS,GENZ,GDW,GD,GD,GD,GD,GHC,GHC,GHC,FTR,FSLR,GD,GE,FTR,FRT,FLS,FOX,FRT,FTI,FOXA,FSLR
194,GPS,GP,GNT,GR,GR,GP,GLK,GIS,GE,GDT,GDT,GE,GE,GILD,GILD,GILD,GAS,FTI,GE,GGP,GAS,FSLR,FMC,FOXA,FTI,FTNT,FRC,FTNT
195,GPU,GPC,GP,GRA,GRA,GPC,GLW,GLK,GENZ,GDW,GDW,GENZ,GENZ,GIS,GIS,GIS,GD,FTR,GGP,GILD,GD,FTI,FOX,FRC,FTNT,FTV,FRT,FTV
196,GR,GPS,GPC,GT,GT,GPS,GP,GLW,GIS,GE,GE,GILD,GGP,GLW,GLW,GLW,GE,GAS,GHC,GIS,GE,FTR,FOXA,FRT,FTV,GD,FTNT,GD
197,GRA,GPU,GPS,GTE,GTE,GPU,GPC,GP,GLK,GENZ,GENZ,GIS,GHC,GME,GME,GME,GHC,GD,GILD,GLW,GGP,FTV,FRT,FTI,GD,GE,FTV,GE
198,GRN,GR,GPU,GTW,GTW,GR,GPS,GPC,GLW,GILD,GILD,GLW,GILD,GNW,GNW,GNW,GILD,GE,GIS,GM,GILD,GD,FTI,FTNT,GE,GILD,GD,GEHC
199,GSX,GRA,GR,GWW,GWW,GT,GR,GPS,GP,GIS,GIS,GNW,GIS,GOOGL,GOOGL,GOOGL,GIS,GHC,GLW,GMCR,GIS,GE,FTV,FTV,GILD,GIS,GE,GEN
200,GT,GRN,GRA,H,GX,GTW,GT,GR,GPC,GLK,GLW,GOOGL,GLW,GPC,GPC,GPC,GLW,GILD,GM,GME,GLW,GGP,GD,GD,GIS,GL,GILD,GILD
201,GTE,GSX,GRN,HAL,H,GWW,GTW,GS,GPS,GLW,GNW,GPC,GME,GPS,GPS,GPS,GME,GIS,GME,GNW,GM,GILD,GE,GE,GL,GLW,GIS,GIS
202,GWF,GT,GSX,HAS,HAL,GX,GWW,GT,GR,GP,GPC,GPS,GNW,GR,GR,GR,GNW,GLW,GNW,GOOG,GMCR,GIS,GGP,GILD,GLW,GM,GL,GL
203,GWW,GTE,GT,HBAN,HAS,H,HAL,GTW,GS,GPC,GPS,GR,GOOGL,GS,GS,GS,GOOGL,GME,GOOGL,GOOGL,GME,GLW,GILD,GIS,GM,GOOG,GLW,GLW
204,H,GWF,GTE,HBOC,HBAN,HAL,HAS,GWW,GT,GPS,GR,GS,GPC,GT,GT,GT,GPC,GNW,GPC,GPC,GOOG,GM,GIS,GLW,GOOG,GOOGL,GM,GM
205,HAL,GWW,GWW,HCA,HCA,HAS,HBAN,HAL,GTW,GR,GS,GT,GPS,GWW,GWW,GWW,GPS,GOOGL,GPS,GPS,GOOGL,GOOG,GLW,GM,GOOGL,GPC,GNRC,GNRC
206,HAS,H,H,HCR,HCR,HBAN,HCA,HAS,GWW,GS,GT,GWW,GR,HAL,HAL,HAL,GR,GPC,GRMN,GRMN,GPC,GOOGL,GM,GOOG,GPC,GPN,GOOG,GOOG
207,HCA,HAL,HAL,HD,HD,HCA,HCR,HBAN,HAL,GT,GTW,H,GS,HAR,HAR,HAR,GS,GPS,GS,GS,GPS,GPC,GOOG,GOOGL,GPN,GPS,GOOGL,GOOGL
208,HD,HAS,HAS,HES,HES,HCR,HD,HCA,HAS,GTW,GWW,HAL,GT,HAS,HAS,HAS,GT,GRMN,GT,GT,GRMN,GPN,GOOGL,GPC,GPS,GRMN,GPC,GPC
209,HDLM,HCA,HBAN,HET,HET,HD,HES,HCR,HBAN,GWW,HAL,HAR,GWW,HBAN,HBAN,HBAN,GWW,GS,GWW,GWW,GS,GPS,GPC,GPN,GRMN,GS,GPN,GPN
210,HES,HD,HBOC,HI,HI,HES,HET,HD,HCA,HAL,HAS,HAS,HAL,HCBK,HCBK,HCBK,HAL,GT,HAL,HAL,GT,GRMN,GPN,GPS,GS,GWW,GPS,GRMN
211,HET,HES,HCA,HIG,HIG,HET,HI,HES,HCR,HAS,HBAN,HBAN,HAR,HCP,HCP,HCP,HAR,GWW,HAR,HAR,GWW,GS,GPS,GRMN,GWW,HAL,GRMN,GS
212,HI,HET,HD,HLT,HLT,HI,HIG,HET,HD,HBAN,HCA,HCR,HAS,HD,HD,HD,HAS,HAL,HAS,HAS,HAL,GT,GRMN,GS,HAL,HAS,GS,GWW
213,HIG,HFS,HES,HM,HM,HIG,HLT,HI,HES,HCA,HCR,HD,HBAN,HES,HES,HES,HBAN,HAR,HBAN,HBAN,HAR,GWW,GS,GT,HAS,HBAN,GWW,HAL
214,HLT,HI,HET,HNZ,HNZ,HLT,HMA,HIG,HET,HCR,HD,HES,HCBK,HIG,HIG,HIG,HCBK,HAS,HCBK,HCBK,HAS,HAL,GT,GWW,HBAN,HBI,HAL,HAS
215,HM,HIG,HI,HON,HON,HM,HNZ,HLT,HIG,HD,HES,HET,HD,HNZ,HNZ,HNZ,HCP,HBAN,HCP,HCP,HBAN,HAR,GWW,HAL,HBI,HCA,HAS,HBAN
216,HNZ,HLT,HIG,HP,HPC,HNZ,HOG,HMA,HLT,HES,HET,HIG,HES,HOG,HOG,HOG,HD,HCBK,HD,HD,HBI,HAS,HAL,HAS,HCA,HD,HBAN,HCA
217,HON,HM,HLT,HPC,HPQ,HOG,HON,HNZ,HMA,HET,HIG,HLT,HET,HON,HON,HON,HES,HCP,HES,HES,HCA,HBAN,HAS,HBAN,HD,HES,HCA,HD
218,HP,HNZ,HM,HPH,HRB,HON,HOT,HOG,HNZ,HIG,HLT,HMA,HIG,HOT,HOT,HOT,HIG,HD,HIG,HIG,HCP,HBI,HBAN,HBI,HES,HFC,HD,HES
219,HPC,HON,HNZ,HPQ,HSH,HOT,HPC,HON,HOG,HLT,HMA,HNZ,HNZ,HPQ,HPQ,HP,HNZ,HES,HOG,HOG,HD,HCA,HBI,HCA,HFC,HIG,HES,HIG
220,HPH,HP,HON,HRB,HSY,HPC,HPQ,HOT,HON,HMA,HNZ,HOG,HOG,HRB,HRB,HPQ,HOG,HIG,HON,HON,HES,HCP,HCA,HCP,HIG,HII,HIG,HII
221,HPQ,HPC,HP,HRS,HUM,HPQ,HRB,HPC,HOT,HNZ,HOG,HON,HON,HRS,HRL,HRB,HON,HNZ,HOT,HOT,HIG,HD,HCP,HD,HII,HLT,HII,HLT
222,HRB,HPH,HPC,HSH,IBM,HRB,HSH,HPQ,HPC,HOG,HON,HOT,HOT,HSH,HRS,HRL,HOT,HOG,HP,HP,HOG,HES,HD,HES,HLT,HOLX,HLT,HOLX
223,HRS,HPQ,HPH,HSY,IFF,HSH,HSY,HRB,HPQ,HON,HOT,HPC,HPC,HSP,HSH,HRS,HP,HON,HPQ,HPQ,HON,HIG,HES,HFC,HOG,HON,HOLX,HON
224,HSH,HRB,HPQ,HUM,IKN,HSY,HUM,HSH,HRB,HOT,HPC,HPQ,HPQ,HST,HSP,HSH,HPQ,HOT,HRB,HRB,HOT,HOG,HIG,HIG,HOLX,HPE,HON,HPE
225,HSY,HRS,HRB,IBM,INCLF,HUM,IBM,HSY,HSH,HPC,HPQ,HRB,HRB,HSY,HST,HSP,HRB,HP,HRL,HRL,HP,HOLX,HLT,HII,HON,HPQ,HPE,HPQ
226,HUM,HSH,HRS,IFF,INTC,IBM,IFF,HUM,HSY,HPQ,HRB,HSH,HSH,HUM,HSY,HST,HRL,HPQ,HRS,HRS,HPE,HON,HOG,HLT,HP,HRL,HPQ,HRL
227,I,HSY,HSH,IKN,IP,IFF,IGT,IBM,HUM,HRB,HSH,HSP,HSP,IBM,HUM,HSY,HRS,HRB,HSP,HSP,HPQ,HP,HOLX,HOG,HPE,HSIC,HRL,HSIC
228,IBM,HUM,HSY,INCLF,IPG,INCLF,IMNX,IFF,IBM,HSH,HSP,HSY,HST,ICE,IBM,HUM,HSH,HRL,HST,HST,HRB,HPE,HON,HOLX,HPQ,HST,HSIC,HST
229,IFF,IBM,HUM,INTC,IR,INTC,INCLF,IGT,IFF,HSP,HSY,HUM,HSY,IFF,ICE,IBM,HSP,HRS,HSY,HSY,HRL,HPQ,HP,HON,HRB,HSY,HST,HSY
230,IKN,IFF,IBM,IP,ITT,INTU,INTC,INTC,IGT,HSY,HUM,IAC,HUM,IGT,IFF,ICE,HST,HSP,HUM,HUM,HRS,HRB,HPE,HP,HRL,HUM,HSY,HUM
231,INCLF,IKN,IFF,IPG,ITW,IP,INTU,INTU,INTC,HUM,IBM,IBM,IAC,INTC,IGT,IFF,HSY,HST,IBM,IBM,HSIC,HRL,HPQ,HPE,HSIC,HWM,HUM,HWM
232,INGR,INCLF,IKN,IR,JAVA,IPG,IP,IP,INTU,IBM,IFF,IFF,IBM,INTU,INTC,IGT,HUM,HSY,ICE,ICE,HST,HRS,HRB,HPQ,HST,IBM,HWM,IBM
233,INTC,INGR,INCLF,ITT,JCI,IR,IPG,IPG,IP,IFF,IGT,IGT,ICE,IP,INTU,INTC,IBM,HUM,IFF,IFF,HSY,HSIC,HRL,HRB,HSY,ICE,IBM,ICE
234,IP,INTC,INTC,ITW,JCP,ITT,IR,IR,IPG,IGT,INTC,INTC,IFF,IPG,IP,INTU,ICE,IBM,IGT,INTC,HUM,HST,HRS,HRL,HUM,IDXX,ICE,IDXX
235,IPG,IP,IP,JAVA,JNJ,ITW,ITT,ITT,IR,INTC,INTU,INTU,IGT,IR,IPG,IP,IFF,ICE,INTC,INTU,IBM,HSY,HSIC,HRS,IBM,IEX,IDXX,IEX
236,IR,IPG,IPG,JCI,JOS,JAVA,ITW,ITW,ITT,INTU,IP,IP,INTC,ISRG,IRM,IPG,IGT,IFF,INTU,IP,ICE,HUM,HST,HSIC,ICE,IFF,IEX,IFF
237,ITT,IR,IR,JCP,JP,JCI,JAVA,JAVA,ITW,IP,IPG,IPG,INTU,ITT,ISRG,IR,INTC,IGT,IP,IPG,IFF,IBM,HSY,HST,IDXX,ILMN,IFF,ILMN
238,ITW,ITT,ITT,JNJ,JPM,JCP,JBL,JBL,JAVA,IPG,IR,IR,IP,ITW,ITT,IRM,INTU,INTC,IPG,IR,ILMN,ICE,HUM,HSY,IEX,INCY,ILMN,INCY
239,JAVA,ITW,ITW,JOS,JWN,JNJ,JCI,JCI,JBL,IR,ITT,ITT,IPG,IVZ,ITW,ISRG,IP,INTU,IR,IRM,INTC,IFF,IBM,HUM,IFF,INFO,INCY,INTC
240,JCI,JAVA,JAVA,JP,K,JNS,JCP,JCP,JCI,ITT,ITW,ITW,IR,JAVA,IVZ,ITT,IPG,IP,IRM,ISRG,INTU,ILMN,ICE,IBM,ILMN,INTC,INFO,INTU
241,JCP,JCI,JCI,JPM,KATE,JP,JHF,JHF,JCP,ITW,JAVA,JAVA,ITT,JBL,JAVA,ITW,IR,IPG,ISRG,ITW,IP,INTC,IDXX,ICE,INCY,INTU,INTC,INVH
242,JH,JCP,JCP,JWN,KBH,JPM,JNJ,JNJ,JHF,JAVA,JBL,JBL,ITW,JCI,JBL,IVZ,IRM,IR,ITW,IVZ,IPG,INTU,IFF,IDXX,INFO,IP,INTU,IP
243,JNJ,JH,JH,K,KEY,JWN,JNS,JNS,JNJ,JBL,JCI,JCI,JAVA,JCP,JCI,JBL,ISRG,IRM,IVZ,JCI,IR,IP,ILMN,IFF,INTC,IPG,IP,IPG
244,JOS,JNJ,JNJ,KATE,KLAC,K,JNY,JNY,JNS,JCI,JCP,JCP,JBL,JEC,JCP,JCI,ITW,ISRG,JBL,JEC,IRM,IPG,INCY,ILMN,INTU,IPGP,IPG,IQV
245,JP,JOS,JOS,KBH,KM,KATE,JP,JP,JNY,JCP,JNJ,JNJ,JCI,JEF,JEC,JCP,IVZ,ITW,JCI,JEF,ISRG,IR,INFO,INCY,IP,IQV,IPGP,IR
246,JPM,JP,JP,KEY,KMB,KBH,JPM,JPM,JP,JNJ,JNS,JNPR,JCP,JNJ,JEF,JEC,JBL,IVZ,JEC,JNJ,ITW,IRM,INTC,INFO,IPG,IR,IQV,IRM
247,JWN,JPM,JPM,KLAC,KMG,KEY,JWN,JWN,JPM,JNS,JNY,JNS,JEC,JNPR,JNJ,JEF,JCI,JBL,JEF,JNPR,IVZ,ISRG,INTU,INTC,IPGP,IRM,IR,ISRG
248,K,JWN,JWN,KM,KO,KG,K,K,JWN,JNY,JP,JNY,JEF,JNS,JNPR,JNJ,JCP,JCI,JNJ,JOY,JBHT,ITW,IP,INTU,IQV,ISRG,IRM,IT
249,KATE,K,K,KMB,KR,KLAC,KATE,KATE,K,JP,JPM,JPM,JNJ,JNY,JNS,JNPR,JEC,JCP,JNPR,JPM,JCI,IVZ,IPG,IP,IR,IT,ISRG,ITW
250,KBH,KATE,KATE,KMG,KRB,KM,KBH,KBH,KATE,JPM,JWN,JWN,JNPR,JPM,JPM,JNS,JEF,JEC,JOY,JWN,JEC,JBHT,IQV,IPG,IRM,ITW,IT,IVZ
251,KEY,KBH,KBH,KO,KRI,KMB,KEY,KEY,KBH,JWN,K,K,JNS,JWN,JWN,JPM,JNJ,JEF,JPM,K,JEF,JCI,IR,IPGP,ISRG,IVZ,ITW,J
252,KM,KEY,KEY,KR,KSS,KMG,KG,KG,KEY,K,KATE,KATE,JNY,K,K,JWN,JNPR,JNJ,JWN,KDP,JNJ,JEC,IRM,IQV,IT,J,IVZ,JBHT
253,KMB,KM,KLAC,KRB,KSU,KMI,KLAC,KLAC,KG,KATE,KBH,KBH,JPM,KBH,KDP,K,JOY,JNPR,K,KEY,JNPR,JEF,ISRG,IR,ITW,JBHT,J,JCI
254,KMG,KMB,KM,KRI,L,KO,KM,KMB,KLAC,KBH,KEY,KEY,JWN,KDP,KEY,KDP,JPM,JOY,KDP,KIM,JPM,JNJ,IT,IRM,IVZ,JCI,JBHT,JKHY
255,KO,KMG,KMB,KSS,LB,KR,KMB,KMG,KMB,KEY,KG,KG,K,KEY,KG,KEY,JWN,JPM,KEY,KLAC,JWN,JNPR,ITW,ISRG,J,JKHY,JCI,JNJ
256,KR,KO,KMG,KWP,LDG,KRB,KMG,KMI,KMG,KG,KLAC,KIM,KATE,KG,KIM,KIM,K,JWN,KIM,KMB,K,JPM,IVZ,IT,JBHT,JNJ,JKHY,JNPR
257,KRB,KR,KO,L,LEG,KRI,KMI,KO,KMI,KLAC,KMB,KLAC,KBH,KIM,KLAC,KLAC,KDP,K,KLAC,KMI,KDP,JWN,JBHT,ITW,JCI,JNPR,JNJ,JPM
258,KRI,KRB,KR,LB,LEHMQ,KSE,KO,KR,KO,KMB,KMG,KMB,KEY,KLAC,KMB,KMB,KEY,KDP,KMB,KMX,KEY,K,JCI,IVZ,JKHY,JPM,JNPR,K
259,KWP,KRI,KRB,LDG,LLY,KSS,KR,KRB,KR,KMG,KMI,KMI,KG,KMB,KO,KMX,KIM,KEY,KMI,KO,KHC,KDP,JEC,JBHT,JNJ,K,JPM,KDP
260,L,KWP,KRI,LDW.B,LMT,L,KRB,KRI,KRB,KMI,KO,KO,KIM,KO,KR,KO,KLAC,KIM,KMX,KORS,KIM,KEY,JEF,JCI,JNPR,KEY,K,KEY
261,LB,L,KWP,LEHMQ,LNC,LB,KRI,KSE,KRI,KO,KR,KR,KLAC,KR,KSS,KR,KMB,KLAC,KO,KR,KLAC,KHC,JNJ,JEC,JPM,KEYS,KEY,KEYS
262,LDG,LB,L,LLY,LOW,LDG,KSE,KSS,KSE,KR,KRI,KSE,KMB,KSS,L,KSS,KMX,KMB,KORS,KRFT,KMB,KIM,JNPR,JEF,JWN,KHC,KEYS,KHC
263,LDW.B,LDG,LB,LMT,LPX,LEG,KSS,L,KSS,KRB,KSE,KSS,KO,L,LB,L,KO,KMI,KR,KSS,KMI,KLAC,JPM,JKHY,K,KIM,KHC,KIM
264,LLX,LDW.B,LDG,LNC,LSI,LEHMQ,L,LB,L,KRI,KSS,L,KR,LB,LDOS,LB,KR,KMX,KRFT,KSU,KMX,KMB,JWN,JNJ,KEY,KLAC,KIM,KLAC
265,LLY,LLX,LDW.B,LOW,LU,LLTC,LB,LEG,LB,KSE,L,LB,KSS,LEG,LEG,LDOS,KSS,KO,KSS,L,KO,KMI,K,JNPR,KEYS,KMB,KLAC,KMB
266,LMT,LLY,LLY,LPX,LUV,LLY,LEG,LEHMQ,LEG,KSS,LB,LEG,L,LEN,LEN,LEG,L,KR,KSU,LB,KORS,KMX,KDP,JPM,KHC,KMI,KMB,KMI
267,LNC,LMT,LMT,LSI,LXK,LMT,LEHMQ,LLTC,LEHMQ,L,LEG,LEHMQ,LB,LH,LH,LEN,LB,KRFT,L,LEG,KR,KO,KEY,JWN,KIM,KMX,KMI,KMX
268,LOR,LNC,LNC,LU,M,LNC,LLTC,LLY,LLTC,LB,LEHMQ,LEN,LEG,LIFE,LIFE,LH,LDOS,KSS,LB,LEN,KSS,KORS,KHC,K,KLAC,KO,KMX,KO
269,LOW,LOW,LOW,LUV,MAR,LOW,LLY,LMT,LLY,LEG,LEN,LH,LEHMQ,LLL,LLL,LIFE,LEG,L,LEG,LH,KSU,KR,KIM,KEY,KMB,KR,KO,KR
270,LPX,LPX,LPX,M,MAS,LPX,LMT,LNC,LMT,LEHMQ,LH,LLL,LEN,LLTC,LLTC,LLL,LEN,LB,LEN,LLL,L,KSS,KLAC,KEYS,KMI,KSU,KR,L
271,LSI,LSI,LSI,MAR,MAT,LSI,LNC,LOW,LNC,LH,LLL,LLTC,LH,LLY,LLY,LLTC,LH,LDOS,LH,LLTC,LB,KSU,KMB,KHC,KMX,L,L,LDOS
272,LUB,LU,LU,MAS,MAY,LU,LOW,LPX,LOW,LLL,LLTC,LLY,LLL,LM,LM,LLY,LIFE,LEG,LIFE,LLY,LEG,L,KMI,KIM,KO,LB,LDOS,LEN
273,LUV,LUV,LUV,MAT,MBI,LUV,LPX,LSI,LPX,LLTC,LLY,LM,LLTC,LMT,LMT,LM,LLL,LEN,LLL,LM,LEN,LB,KMX,KLAC,KR,LDOS,LEN,LH
274,M,M,M,MAY,MCD,LXK,LSI,LU,LSI,LLY,LMT,LMT,LLY,LNC,LNC,LMT,LLTC,LH,LLTC,LMT,LH,LEG,KO,KMB,KSS,LEG,LH,LHX
275,MAS,MAS,MAS,MBI,MCK,M,LU,LUV,LU,LMT,LNC,LNC,LM,LO,LO,LNC,LLY,LIFE,LLY,LNC,LLL,LEN,KORS,KMI,KSU,LEN,LHX,LIN
276,MAT,MAT,MAT,MCD,MCO,MAR,LUV,LXK,LUV,LNC,LOW,LOW,LMT,LOW,LOW,LO,LM,LLL,LM,LO,LLTC,LH,KR,KMX,L,LH,LIN,LKQ
277,MAY,MAY,MAY,MCO,MDP,MAS,LXK,M,LXK,LOW,LPX,LSI,LNC,LSI,LSI,LOW,LMT,LLTC,LMT,LOW,LLY,LKQ,KSS,KO,LB,LHX,LKQ,LLY
278,MCD,MBI,MBI,MDP,MDR,MAT,M,MAR,M,LPX,LSI,LUV,LOW,LUV,LUV,LSI,LNC,LLY,LNC,LRCX,LM,LLL,KSU,KR,LDOS,LIN,LLY,LMT
279,MCIC,MCD,MCD,MDR,MDT,MAY,MAR,MAS,MAR,LSI,LU,LXK,LSI,LXK,LXK,LUV,LO,LM,LO,LUV,LMT,LLTC,L,KSS,LEG,LKQ,LMT,LNC
280,MCO,MCIC,MCIC,MDT,MEA,MBI,MAS,MAT,MAS,LU,LUV,M,LUV,M,M,LXK,LOW,LMT,LOW,LVLT,LNC,LLY,LB,KSU,LEN,LLY,LNC,LNT
281,MD,MCO,MCO,MEA,MEE,MCD,MAT,MAY,MAT,LUV,LXK,MAR,LXK,MA,MA,M,LSI,LNC,LRCX,LYB,LOW,LMT,LEG,L,LH,LMT,LNT,LOW
282,MDP,MD,MDP,MEE,MEL,MCK,MAY,MBI,MAY,LXK,M,MAS,M,MAR,MAR,MA,LUV,LO,LSI,M,LRCX,LNC,LEN,LB,LHX,LNC,LOW,LRCX
283,MDR,MDP,MDR,MEL,MER,MCO,MBI,MCD,MBI,M,MAR,MAT,MAR,MAS,MAS,MAR,LXK,LOW,LUV,MA,LUV,LNT,LH,LEG,LIN,LNT,LRCX,LUMN
284,MDT,MDR,MDT,MER,MIL,MDP,MCD,MCK,MCD,MAR,MAS,MBI,MAS,MAT,MAT,MAS,M,LRCX,LYB,MAC,LVLT,LOW,LKQ,LEN,LKQ,LOW,LUMN,LUV
285,MEA,MDT,MEA,MII,MIR,MDR,MCK,MCO,MCK,MAS,MAT,MCD,MAT,MBI,MCD,MAT,MA,LSI,M,MAR,LYB,LRCX,LLL,LH,LLY,LRCX,LUV,LVS
286,MEE,MEA,MEE,MIL,MKG,MDT,MCO,MDP,MCO,MAT,MBI,MCK,MBI,MCD,MCHP,MCD,MAR,LUV,MA,MAS,M,LUV,LLY,LIN,LMT,LUMN,LVS,LW
287,MEL,MEE,MEL,MIR,MMC,MEA,MDP,MDR,MDP,MAY,MCD,MCO,MCD,MCHP,MCK,MCHP,MAS,LYB,MAC,MAT,MA,LVLT,LMT,LKQ,LNC,LUV,LW,LYB
288,MER,MEL,MER,MKG,MMM,MEDI,MDR,MDT,MDT,MBI,MCK,MDP,MCHP,MCK,MCO,MCK,MAT,M,MAR,MCD,MAC,LYB,LNC,LLL,LNT,LVS,LYB,LYV
289,MII,MER,MII,MMC,MO,MEL,MDT,MEDI,MEDI,MCD,MCO,MDT,MCK,MCO,MDLZ,MCO,MCD,MA,MAS,MCHP,MAR,M,LNT,LLY,LOW,LW,LYV,MA
290,MIL,MII,MIL,MMM,MOLX,MER,MEA,MEL,MEL,MCK,MDP,MEDI,MCO,MDLZ,MDP,MDLZ,MCHP,MAR,MAT,MCK,MAS,MA,LOW,LMT,LRCX,LYB,MA,MAA
291,MKG,MIL,MIR,MO,MRK,MERQ,MEDI,MER,MER,MCO,MDT,MEL,MDLZ,MDP,MDT,MDT,MCK,MAS,MCD,MCO,MAT,MAA,LRCX,LNC,LUV,LYV,MAA,MAR
292,MMC,MKG,MKG,MOB,MRO,MET,MEL,MERQ,MERQ,MDP,MEDI,MER,MDP,MDT,MEE,MEE,MCO,MAT,MCHP,MDLZ,MCD,MAC,LUV,LNT,LVS,MA,MAR,MAS
293,MMM,MMC,MMC,MRK,MS,MIL,MER,MET,MET,MDT,MEL,MET,MDT,MEE,MET,MET,MDLZ,MCD,MCK,MDT,MCHP,MAR,LYB,LOW,LW,MAA,MAS,MCD
294,MNR,MMM,MMM,MRO,MSFT,MMC,MERQ,MI,MHS,MEDI,MER,MHS,MER,MET,MFE,MFE,MDT,MCHP,MCO,MET,MCK,MAS,M,LRCX,LYB,MAR,MCD,MCHP
295,MO,MNR,MNR,MS,MSI,MMM,MET,MIL,MI,MEL,MERQ,MI,MET,MFE,MHS,MHS,MET,MCK,MDLZ,MHK,MCO,MAT,MA,LUV,LYV,MAS,MCHP,MCK
296,MOB,MO,MO,MSFT,MTG,MO,MIL,MIR,MIL,MER,MET,MIL,MHS,MHS,MI,MI,MHS,MCO,MDT,MJN,MDLZ,MCD,MAA,LW,M,MCD,MCK,MCO
297,MRK,MOB,MOB,MSI,MTLQQ,MOLX,MIR,MMC,MKC,MERQ,MHS,MKC,MI,MI,MIL,MJN,MJN,MDLZ,MET,MKC,MDT,MCHP,MAC,LYB,MA,MCHP,MCO,MDLZ
298,MRO,MRK,MRK,MTG,MU,MRK,MMC,MMM,MMC,MET,MI,MMC,MIL,MIL,MJN,MKC,MKC,MDT,MHK,MLM,MET,MCK,MAR,M,MAA,MCK,MDLZ,MDT
299,MS,MRO,MRO,MTL,MWV,MRO,MMM,MO,MMM,MHS,MIL,MMM,MKC,MKC,MKC,MMC,MMC,MET,MJN,MMC,MHK,MCO,MAS,MA,MAR,MCO,MDT,MET
300,MSFT,MS,MS,MTLQQ,MYG,MS,MO,MOLX,MO,MI,MKC,MO,MMC,MMC,MMC,MMI,MMI,MJN,MKC,MMM,MJN,MDLZ,MAT,MAA,MAS,MDLZ,MET,META
301,MSI,MSFT,MSFT,MU,MZIAQ,MSFT,MOLX,MON,MOLX,MIL,MMC,MOLX,MMM,MMM,MMM,MMM,MMM,MKC,MMC,MNK,MKC,MDT,MCD,MAC,MCD,MDT,MGM,MGM
302,MST,MSI,MSI,MWI,NAV,MSI,MRK,MRK,MON,MKC,MMM,MON,MO,MO,MO,MO,MO,MMC,MMM,MNST,MLM,MET,MCHP,MAR,MCHP,MET,MHK,MHK
303,MTLQQ,MST,MST,MWV,NC,MTG,MRO,MRO,MRK,MMC,MO,MRK,MOLX,MOLX,MOLX,MOLX,MOLX,MMM,MNST,MO,MMC,MHK,MCK,MAS,MCK,MGM,MKC,MKC
304,MU,MTG,MTG,MYG,NCC,MTLQQ,MS,MS,MRO,MMM,MOLX,MRO,MON,MON,MON,MON,MON,MNST,MO,MON,MMM,MJN,MCO,MAT,MCO,MHK,MKTX,MKTX
305,MWI,MTLQQ,MTLQQ,MZIAQ,NCE,MU,MSFT,MSFT,MS,MO,MON,MS,MRK,MRK,MRK,MRK,MOS,MO,MON,MOS,MNK,MKC,MDLZ,MCD,MDLZ,MKC,MLM,MLM
306,MWV,MU,MU,NAV,NEE,MWV,MSI,MSI,MSFT,MOLX,MRK,MSFT,MRO,MRO,MRO,MRO,MPC,MOLX,MOS,MPC,MNST,MLM,MDT,MCHP,MDT,MKTX,MMC,MMC
307,MYG,MWI,MWI,NC,NEM,MXIM,MTG,MTG,MSI,MON,MRO,MSI,MS,MS,MS,MS,MRK,MON,MPC,MRK,MO,MMC,MET,MCK,MET,MLM,MMM,MMM
308,MZIAQ,MWV,MWV,NCC,NGH,MYG,MTLQQ,MTLQQ,MTG,MRK,MS,MTB,MSFT,MSFT,MSFT,MSFT,MRO,MOS,MRK,MRO,MON,MMM,MGM,MCO,MGM,MMC,MNST,MNST
309,NAE,MYG,MYG,NCE,NKE,NAV,MU,MU,MTLQQ,MRO,MSFT,MTG,MSI,MSI,MSI,MSI,MS,MPC,MRO,MS,MOS,MNK,MHK,MDLZ,MHK,MMM,MO,MO
310,NAV,MZIAQ,MZIAQ,NEE,NLV,NBR,MWV,MWV,MU,MS,MSI,MTLQQ,MTB,MTB,MTB,MTB,MSFT,MRK,MS,MSFT,MPC,MNST,MKC,MDT,MKC,MNST,MOS,MOH
311,NC,NAE,NAV,NEM,NMK,NCC,MWW,MWW,MWV,MSFT,MTB,MU,MTG,MTLQQ,MU,MU,MSI,MRO,MSFT,MSI,MRK,MO,MLM,MET,MKTX,MO,MPC,MOS
312,NCC,NAV,NC,NGH,NOC,NCR,MXIM,MXIM,MWW,MSI,MTG,MUR,MTLQQ,MTW,MUR,MUR,MTB,MS,MSI,MTB,MRO,MON,MMC,MGM,MLM,MOS,MPWR,MPC
313,NEE,NC,NCC,NKE,NOVL,NEE,MYG,MYG,MXIM,MTB,MTLQQ,MWV,MTW,MU,MWV,MWV,MU,MSFT,MTB,MU,MS,MOS,MMM,MHK,MMC,MPC,MRK,MPWR
314,NEM,NCC,NEE,NLC,NRTLQ,NEM,NAV,NAV,MYG,MTG,MU,MWW,MU,MUR,MWW,MWW,MUR,MSI,MU,MUR,MSFT,MPC,MNST,MKC,MMM,MRK,MRNA,MRK
315,NKE,NEE,NEM,NLV,NSC,NI,NBR,NBR,NAV,MTLQQ,MUR,MXIM,MUR,MWV,MYL,MYL,MWV,MTB,MUR,MWV,MSI,MRK,MO,MLM,MNST,MRO,MRO,MRNA
316,NLC,NEM,NKE,NMK,NSI,NKE,NCC,NCC,NBR,MU,MWV,MYL,MWV,MWW,NBL,NBL,MYL,MU,MWV,MYL,MTB,MRO,MON,MMC,MO,MS,MS,MRO
317,NMK,NKE,NLC,NOC,NSM,NMK,NCR,NCR,NCC,MWV,MWW,NBR,MWW,MYL,NBR,NBR,NBL,MUR,MYL,NAVI,MU,MS,MOS,MMM,MOS,MSCI,MSCI,MS
318,NOC,NLC,NLV,NOVL,NTAP,NOC,NE,NE,NCR,MWW,MXIM,NCC,MYL,NBL,NDAQ,NDAQ,NBR,MWV,NBL,NBL,MUR,MSFT,MPC,MNST,MPC,MSFT,MSFT,MSCI
319,NOVL,NLV,NMK,NRTLQ,NTRS,NOVL,NEE,NEE,NE,MXIM,MYG,NCR,NBL,NBR,NEE,NEE,NDAQ,MYL,NBR,NBR,MYL,MSI,MRK,MO,MRK,MSI,MSI,MSFT
320,NRTLQ,NMK,NOC,NSC,NUE,NRTLQ,NEM,NEM,NEE,MYG,MYL,NE,NBR,NDAQ,NEM,NEM,NE,NBL,NDAQ,NDAQ,NAVI,MTB,MRO,MOS,MRO,MTB,MTB,MSI
321,NSC,NOC,NOVL,NSI,NWL,NSC,NI,NFB,NEM,MYL,NAV,NEE,NCC,NE,NI,NFLX,NEE,NBR,NE,NE,NBL,MTD,MS,MPC,MS,MTD,MTCH,MTB
322,NSI,NOVL,NRTLQ,NSM,NXTL,NSI,NKE,NI,NFB,NAV,NBR,NEM,NE,NEE,NKE,NFX,NEM,NDAQ,NEE,NEE,NDAQ,MU,MSFT,MRK,MSCI,MU,MTD,MTCH
323,NSM,NRTLQ,NSC,NTRS,NYT,NSM,NMK,NKE,NI,NBR,NCC,NI,NEE,NEM,NOC,NI,NFLX,NE,NEM,NEM,NEE,MUR,MSI,MRO,MSFT,MXIM,MU,MTD
324,NUE,NSC,NSI,NUE,OAT,NTAP,NOC,NOC,NKE,NCC,NCR,NKE,NEM,NI,NOV,NKE,NFX,NEE,NFLX,NFLX,NEM,MYL,MTB,MS,MSI,NCLH,NCLH,MU
325,NWL,NSI,NSM,NWL,ODP,NTRS,NOVL,NOVL,NOC,NCR,NE,NOC,NI,NKE,NOVL,NOC,NI,NEM,NFX,NFX,NFLX,NAVI,MTD,MSCI,MTB,NDAQ,NDAQ,NCLH
326,NYN,NSM,NUE,NXTL,OI,NUE,NRTLQ,NSC,NOVL,NE,NEE,NOV,NKE,NOC,NSC,NOV,NKE,NFLX,NI,NI,NFX,NBL,MU,MSFT,MTD,NEE,NEE,NDAQ
327,NYT,NUE,NWL,NYT,OK,NVLS,NSC,NSM,NSC,NEE,NEM,NOVL,NOC,NOV,NSM,NOVL,NOC,NFX,NKE,NKE,NI,NDAQ,MYL,MSI,MU,NEM,NEM,NDSN
328,OAT,NWL,NYT,OAT,OKE,NWL,NSM,NTAP,NSM,NEM,NFB,NSC,NOV,NOVL,NTAP,NRG,NOV,NI,NLSN,NLSN,NKE,NEE,NAVI,MTB,MXIM,NFLX,NFLX,NEE
329,OKE,NYN,OAT,OI,OMC,NXTL,NTAP,NTRS,NTAP,NFB,NI,NSM,NOVL,NSC,NTRS,NSC,NRG,NKE,NOC,NOC,NLSN,NEM,NBL,MTD,MYL,NI,NI,NEM
330,OM,NYT,OI,OKE,OMX,NYT,NTRS,NUE,NTRS,NI,NKE,NTAP,NSC,NSM,NUE,NSM,NSC,NOC,NOV,NOV,NOC,NFLX,NCLH,MU,NBL,NKE,NKE,NFLX
331,OMX,OAT,OKE,OMC,ONE,OAT,NUE,NVDA,NUE,NKE,NOC,NTRS,NSM,NTAP,NVDA,NTAP,NTAP,NOV,NRG,NRG,NOV,NFX,NDAQ,MXIM,NCLH,NLOK,NLOK,NI
332,ONE,OKE,OMC,OMX,ORCL,ODP,NVDA,NVLS,NVDA,NOC,NOV,NUE,NTAP,NTRS,NVLS,NTRS,NTRS,NRG,NSC,NSC,NRG,NI,NEE,MYL,NDAQ,NLSN,NLSN,NKE
333,ORCL,OMX,OMX,ONE,OWENQ,OK,NVLS,NWL,NVLS,NOVL,NOVL,NVDA,NTRS,NUE,NWL,NUE,NUE,NSC,NTAP,NTAP,NSC,NKE,NEM,NBL,NEE,NOC,NOC,NOC
334,ORX,ONE,ONE,ORCL,OXY,OKE,NWL,NXTL,NWL,NSC,NSC,NVLS,NUE,NVDA,NYT,NVDA,NVDA,NTAP,NTRS,NTRS,NTAP,NLSN,NFLX,NCLH,NEM,NOV,NOW,NOW
335,OWENQ,ORCL,ORCL,ORX,PAYX,OMC,NXTL,NYT,NXTL,NSM,NSM,NWL,NVDA,NVLS,NYX,NVLS,NVLS,NTRS,NUE,NUE,NTRS,NOC,NFX,NDAQ,NFLX,NOW,NRG,NRG
336,OXY,ORX,ORX,OWENQ,PBI,OMX,NYT,ODP,NYT,NTAP,NTAP,NYT,NVLS,NWL,ODP,NWL,NWL,NUE,NVDA,NVDA,NUE,NOV,NI,NEE,NI,NRG,NSC,NSC
337,PAC,OWENQ,OWENQ,OXY,PBY,ONE,ODP,OMC,ODP,NTRS,NTRS,ODP,NWL,NYT,OI,NYX,NYX,NVDA,NWL,NWL,NVDA,NRG,NKE,NEM,NKE,NSC,NTAP,NTAP
338,PAS,OXY,OXY,PAYX,PCAR,ORCL,OMC,OMX,OMC,NUE,NUE,OMC,NYT,NYX,OMC,OI,OI,NWL,NWSA,NWSA,NWL,NSC,NLSN,NFLX,NLOK,NTAP,NTRS,NTRS
339,PBI,PAC,PAS,PBI,PCG,OXY,OMX,ONE,OMX,NVDA,NVDA,OMX,NYX,ODP,ORCL,OKE,OKE,NYX,OI,OI,NWS,NTAP,NOC,NFX,NLSN,NTRS,NUE,NUE
340,PBY,PAS,PBI,PBY,PCH,PALM,ONE,ORCL,ONE,NVLS,NVLS,ORCL,ODP,OI,ORLY,OMC,OMC,OI,OKE,OKE,NWSA,NTRS,NOV,NI,NOC,NUE,NVDA,NVDA
341,PCAR,PBI,PBY,PCAR,PCS,PAYX,ORCL,OXY,ORCL,NWL,NWL,OXY,OMC,OMC,OXY,ORCL,ORCL,OKE,OMC,OMC,O,NUE,NRG,NKE,NOV,NVDA,NVR,NVR
342,PCG,PBY,PCAR,PCG,PD,PBI,OXY,PAYX,OXY,NXTL,NYT,PAYX,OMX,ORCL,PAYX,ORLY,ORLY,OMC,ORCL,ORCL,OI,NVDA,NSC,NKTR,NOW,NVR,NWL,NWL
343,PCH,PCAR,PCG,PCH,PDG,PCAR,PALM,PBG,PAYX,NYT,ODP,PBG,ORCL,OXY,PBCT,OXY,OXY,ORCL,ORLY,ORLY,OKE,NWL,NTAP,NLSN,NRG,NWL,NWS,NWS
344,PD,PCG,PCH,PCS,PEG,PCG,PAYX,PBI,PBG,ODP,OMC,PBI,OXY,PAYX,PBG,PAYX,PAYX,ORLY,OXY,OXY,OMC,NWS,NTRS,NOC,NSC,NWS,NWSA,NWSA
345,PDG,PCH,PD,PD,PEP,PCH,PBG,PCAR,PBI,OMC,OMX,PCAR,PAYX,PBCT,PBI,PBCT,PBCT,OXY,PAYX,PAYX,ORCL,NWSA,NUE,NOV,NTAP,NWSA,NXPI,NXPI
346,PEG,PD,PDG,PDG,PFE,PCS,PBI,PCG,PCAR,OMX,ORCL,PCG,PBG,PBG,PCAR,PBI,PBI,PAYX,PBCT,PBCT,ORLY,O,NVDA,NRG,NTRS,O,O,O
347,PEL,PDG,PEG,PEG,PG,PD,PCAR,PCL,PCG,ORCL,OXY,PCL,PBI,PBI,PCG,PCAR,PCAR,PBCT,PBI,PBI,OXY,OKE,NWL,NSC,NUE,ODFL,ODFL,ODFL
348,PEP,PEG,PEP,PEP,PGL,PDG,PCG,PCS,PCL,OXY,PAYX,PD,PCAR,PCAR,PCL,PCG,PCG,PBI,PCAR,PCAR,PAYX,OMC,NWS,NTAP,NVDA,OKE,OGN,OGN
349,PET,PEL,PET,PFE,PGN,PEG,PCS,PD,PCS,PAYX,PBG,PDCO,PCG,PCG,PCP,PCL,PCL,PCAR,PCG,PCG,PBCT,ORCL,NWSA,NTRS,NVR,OMC,OKE,OKE
350,PFE,PEP,PFE,PG,PGR,PEP,PD,PEG,PD,PBG,PBI,PEG,PCL,PCL,PDCO,PCP,PCP,PCG,PCL,PCL,PBI,ORLY,O,NUE,NWL,ORCL,OMC,OMC
351,PG,PET,PG,PGL,PH,PFE,PDG,PEP,PEG,PBI,PCAR,PEP,PCP,PCP,PEG,PDCO,PDCO,PCL,PCP,PCP,PCAR,OXY,OKE,NVDA,NWS,ORLY,ORCL,ON
352,PGL,PFE,PGL,PGN,PHA,PG,PEG,PFE,PEP,PCAR,PCG,PFE,PDCO,PDCO,PEP,PEG,PEG,PCP,PDCO,PDCO,PCG,PAYX,OMC,NWL,NWSA,OTIS,ORLY,ORCL
353,PGN,PG,PGN,PGR,PHM,PGL,PEP,PFG,PFE,PCG,PCL,PFG,PEG,PEG,PFE,PEP,PEP,PDCO,PEG,PEG,PCL,PBCT,ORCL,NWS,O,OXY,OTIS,ORLY
354,PH,PGL,PGR,PH,PKI,PGN,PFE,PG,PFG,PCL,PD,PG,PEP,PEP,PFG,PFE,PFE,PEG,PEP,PEP,PCP,PBI,ORLY,NWSA,ODFL,PAYC,OXY,OTIS
355,PHA,PGN,PH,PHA,PLL,PGR,PG,PGL,PG,PD,PDCO,PGL,PFE,PFE,PG,PFG,PFG,PEP,PETM,PETM,PDCO,PCAR,OXY,O,OKE,PAYX,PAYC,OXY
356,PHB,PH,PHA,PHB,PNC,PH,PGL,PGN,PGL,PEG,PEG,PGN,PFG,PFG,PGN,PG,PG,PETM,PFE,PFE,PEG,PCG,PAYX,OKE,OMC,PBCT,PAYX,PARA
357,PHM,PHA,PHB,PHM,PNU,PHA,PGN,PGR,PGN,PEP,PEP,PGR,PG,PG,PGR,PGN,PGN,PFE,PFG,PFG,PEP,PDCO,PBCT,OMC,ORCL,PCAR,PBCT,PAYC
358,PKI,PHB,PHM,PKI,PNW,PHM,PGR,PH,PGR,PFE,PFE,PH,PGN,PGN,PH,PGR,PGR,PFG,PG,PG,PFE,PEG,PCAR,ORCL,ORLY,PEAK,PCAR,PAYX
359,PLL,PHM,PKI,PLL,PPG,PKI,PH,PHA,PH,PFG,PFG,PHM,PGR,PGR,PHM,PH,PH,PG,PGR,PGR,PFG,PEP,PCG,ORLY,OXY,PEG,PEAK,PCAR
360,PMI,PKI,PLL,PNC,PPL,PLL,PHA,PHM,PHM,PG,PG,PKI,PH,PH,PKI,PHM,PHM,PGR,PH,PH,PG,PFE,PDCO,OXY,PAYC,PEP,PEG,PCG
361,PNC,PLL,PNC,PNU,PRD,PNC,PHM,PKI,PKI,PGL,PGL,PLD,PHM,PHM,PLD,PKI,PKI,PH,PHM,PHM,PGR,PFG,PEG,PAYX,PAYX,PFE,PENN,PEAK
362,PNU,PNC,PNU,PPG,PSFT,PNW,PKI,PLL,PLD,PGN,PGN,PLL,PKI,PKI,PLL,PLD,PLD,PHM,PKI,PKI,PH,PG,PEP,PBCT,PBCT,PFG,PEP,PEG
363,PPG,PNU,PPG,PPL,PTC,PPG,PLL,PMCS,PLL,PGR,PGR,PMCS,PLD,PLD,PM,PLL,PLL,PKI,PLD,PLD,PHM,PGR,PFE,PCAR,PCAR,PG,PFE,PEP
364,PPL,PPG,PPL,PPW,PTV,PPL,PMCS,PNC,PMCS,PH,PH,PNC,PLL,PLL,PNC,PM,PM,PLD,PLL,PLL,PKI,PH,PFG,PCG,PEAK,PGR,PFG,PFE
365,PPW,PPL,PPW,PRD,PVN,PSFT,PNC,PNW,PNC,PHM,PHM,PNW,PNC,PM,PNW,PNC,PNC,PLL,PM,PM,PLD,PHM,PG,PEG,PEG,PH,PG,PFG
366,PRD,PPW,PRD,PSFT,PWJ,PTC,PNW,PPG,PNW,PKI,PKI,PPG,PNW,PNC,POM,PNW,PNW,PM,PNC,PNC,PM,PKI,PGR,PEP,PEP,PHM,PGR,PG
367,PVN,PRD,PTC,PTC,PX,PTV,PPG,PPL,PPG,PLD,PLD,PPL,POM,PNW,PPG,POM,POM,PNC,PNR,PNR,PNC,PLD,PH,PFE,PFE,PKG,PH,PGR
368,PX,PVN,PVN,PVN,QCOM,PVN,PPL,PRU,PPL,PLL,PLL,PRU,PPG,POM,PPL,PPG,PPG,PNR,PNW,PNW,PNR,PM,PHM,PFG,PFG,PKI,PHM,PH
369,PZE,PX,PX,PVT,QTRN,PWER,PSFT,PSFT,PRU,PMCS,PMCS,PSA,PPL,PPG,PRU,PPL,PPL,PNW,POM,POM,PNW,PNC,PKG,PG,PG,PLD,PKG,PHM
370,R,PZE,PZE,PX,R,PX,PTC,PTC,PSFT,PNC,PNC,PTV,PRU,PPL,PSA,PRU,PRGO,POM,PPG,PPG,POM,PNR,PKI,PGR,PGR,PM,PKI,PKG
371,RAD,R,R,R,RAD,Q,PTV,PTV,PTC,PNW,PNW,PX,PSA,PRU,PTV,PSA,PRU,PPG,PPL,PPL,PPG,PNW,PLD,PH,PH,PNC,PLD,PKI
372,RAL,RAD,RAD,RAD,RAL,QCOM,PVN,PVN,PTV,PPG,PPG,Q,PTV,PSA,PWR,PWR,PSA,PPL,PRGO,PRGO,PPL,PPG,PM,PHM,PHM,PNR,PM,PLD
373,RBD,RAL,RAL,RAL,RBK,QLGC,PWER,PWER,PVN,PPL,PPL,QCOM,PX,PTV,PX,PX,PWR,PRGO,PRU,PRU,PRGO,PPL,PNC,PKG,PKG,PNW,PNC,PM
374,RBK,RBD,RBD,RBD,RDC,QTRN,PX,PX,PWER,PRU,PRU,QLGC,Q,PX,PXD,PXD,PX,PRU,PSA,PSA,PRU,PRGO,PNR,PKI,PKI,POOL,PNR,PNC
375,RDC,RBK,RBK,RBK,RDS.A,R,Q,Q,PX,PTC,PSA,R,QCOM,PXD,Q,Q,PXD,PSA,PSX,PSX,PSA,PRU,PNW,PLD,PLD,PPG,PNW,PNR
376,RDS.A,RDC,RDC,RDC,RF,RAL,QCOM,QCOM,Q,PTV,PTC,RAI,QLGC,Q,QCOM,QCOM,QCOM,PSX,PVH,PVH,PSX,PSA,PPG,PM,PM,PPL,POOL,PNW
377,RLM,RDS.A,RDS.A,RDS.A,RIG,RBK,QLGC,QLGC,QCOM,PVN,PTV,RDC,R,QCOM,QLGC,QEP,QEP,PWR,PWR,PWR,PVH,PSX,PPL,PNC,PNC,PRGO,PPG,POOL
378,RML,RLM,RLM,RF,RLM,RDC,QTRN,QTRN,QLGC,PWER,PX,RF,RAI,QLGC,R,QLGC,R,PX,PX,PX,PWR,PVH,PRGO,PNR,PNR,PRU,PPL,PPG
379,RNB,RML,RML,RLM,RML,RDS.A,R,R,R,PX,Q,RHI,RDC,R,RAI,R,RAI,PXD,PXD,PXD,PX,PWR,PRU,PNW,PNW,PSA,PRU,PPL
380,ROH,RNB,RNB,RML,ROH,RF,RBK,RAI,RAI,Q,QCOM,RIG,RF,RAI,RDC,RAI,RDC,QCOM,QCOM,QCOM,PXD,PX,PSA,PPG,PPG,PSX,PSA,PRU
381,ROK,ROH,ROH,RNB,ROK,RHI,RDC,RATL,RBK,QCOM,QLGC,ROH,RHI,RDC,RF,RDC,RF,QEP,QEP,QEP,PYPL,PXD,PSX,PPL,PPL,PVH,PSX,PSA
382,RRD,ROK,ROK,ROH,RRD,RIG,RDS.A,RBK,RDC,QLGC,R,ROK,RIG,RF,RHI,RF,RHI,R,R,R,QCOM,PYPL,PVH,PRGO,PRGO,PWR,PTC,PSX
383,RSHCQ,RRD,RRD,ROK,RSHCQ,ROH,RF,RDC,RF,R,RAI,RRD,RL,RHI,RHT,RHI,RHT,RAI,RAI,RAI,QRVO,QCOM,PWR,PRU,PRU,PXD,PVH,PTC
384,RTN,RSHCQ,RSHCQ,RRD,RTN,ROK,RHI,RF,RHI,RAI,RBK,RSHCQ,ROH,RL,RL,RHT,RL,RDC,RDC,RCL,R,QRVO,PX,PSA,PSA,PYPL,PWR,PWR
385,RYAN,RTN,RTN,RSHCQ,RX,RRD,RIG,RHI,RIG,RBK,RDC,RTN,ROK,ROH,ROK,RL,ROK,RF,REGN,REGN,RAI,R,PXD,PSX,PSX,QCOM,PXD,PXD
386,RYC,RX,RX,RTN,S,RSHCQ,ROH,RIG,ROH,RDC,RF,RX,RRC,ROK,ROP,ROK,ROP,RHI,RF,RF,RCL,RAI,PYPL,PVH,PVH,QRVO,PYPL,PYPL
387,RYI,RYC,RYC,RX,SAF,RTN,ROK,ROH,ROK,RF,RHI,S,RRD,RRC,ROST,ROP,ROST,RHT,RHI,RHI,REGN,RCL,QCOM,PWR,PWR,RCL,QCOM,QCOM
388,S,RYI,RYI,RYC,SCHW,RX,RRD,ROK,RRD,RHI,RIG,SAF,RSHCQ,RRD,RRC,ROST,RRC,RL,RHT,RHT,RF,REGN,QRVO,PXD,PXD,RE,QRVO,QRVO
389,SAF,S,S,S,SCI,S,RSHCQ,RRD,RSHCQ,RIG,ROH,SANM,RTN,RSG,RRD,RRC,RRD,ROK,RIG,RIG,RHI,RF,RCL,PYPL,PYPL,REG,RCL,RCL
390,SB,SAF,SAF,SAF,SEE,SAF,RTN,RSHCQ,RTN,ROH,ROK,SBL,RX,RSHCQ,RSG,RRD,RSG,ROP,RL,RL,RHT,RHI,RE,QCOM,QCOM,REGN,RE,RE
391,SCI,SB,SAI,SCHW,SEG,SANM,RX,RTN,RX,ROK,RRD,SBUX,S,RTN,RSHCQ,RSG,RTN,ROST,ROK,ROK,RIG,RHT,REG,QRVO,QRVO,RF,REG,REG
392,SFA,SCI,SCHW,SCI,SFA,SAPE,S,RX,S,RRD,RSHCQ,SCHW,SAF,RX,RTN,RSHCQ,S,RRC,ROP,ROP,RL,RIG,REGN,RCL,RCL,RHI,REGN,REGN
393,SFS,SEG,SCI,SEE,SGID,SBL,SAF,S,SAF,RSHCQ,RTN,SE,SBUX,S,RX,RTN,SBUX,RSG,ROST,ROST,ROK,RL,RF,RE,RE,RJF,RF,RF
394,SGID,SFA,SEG,SEG,SGP,SBUX,SANM,SAF,SANM,RTN,RX,SEE,SCHW,SBUX,S,S,SCG,RTN,RRC,RRC,ROP,ROK,RHI,REG,REG,RL,RHI,RHI
395,SGP,SFS,SFA,SFA,SHW,SCHW,SAPE,SANM,SBL,RX,S,SGP,SE,SCG,SBUX,SBUX,SCHW,S,RSG,RSG,ROST,ROP,RHT,REGN,REGN,RMD,RJF,RJF
396,SHN,SGID,SGID,SGID,SIAL,SEBL,SBL,SBL,SBUX,S,SAF,SHLD,SEE,SCHW,SCG,SCG,SE,SBUX,RTN,RTN,RRC,ROST,RJF,RF,RF,ROK,RL,RL
397,SHW,SGP,SGP,SGP,SLB,SEE,SBUX,SBUX,SCHW,SAF,SANM,SHW,SGP,SE,SCHW,SCHW,SEE,SCG,SBUX,SBUX,RSG,RRC,RL,RHI,RHI,ROL,RMD,RMD
398,SIAL,SHW,SHW,SHW,SLM,SFA,SCHW,SCHW,SDS,SANM,SBL,SIAL,SHLD,SEE,SE,SE,SHLD,SCHW,SCG,SCG,RTN,RSG,RMD,RHT,RJF,ROP,ROK,ROK
399,SK,SIAL,SIAL,SIAL,SLR,SGP,SEBL,SDS,SEBL,SBL,SBUX,SII,SHW,SGP,SEE,SEE,SHW,SE,SCHW,SCHW,SBUX,RTN,ROK,RJF,RL,ROST,ROL,ROL
400,SLB,SK,SK,SLB,SMI,SHW,SEE,SEBL,SEE,SBUX,SCHW,SLB,SIAL,SHLD,SHLD,SHLD,SIAL,SEE,SE,SE,SCG,SBUX,ROP,RL,RMD,RSG,ROP,ROP
401,SMI,SLB,SLB,SLM,SMS,SIAL,SFA,SEE,SFA,SCHW,SEBL,SLM,SII,SHW,SHW,SHW,SJM,SHW,SEE,SEE,SCHW,SCG,ROST,RMD,ROK,RTX,ROST,ROST
402,SMS,SMI,SMI,SLR,SNA,SLB,SGP,SFA,SGP,SDS,SEE,SLR,SLB,SIAL,SIAL,SIAL,SLB,SIAL,SHW,SHW,SE,SCHW,RRC,ROK,ROL,SBAC,RSG,RSG
403,SNA,SMS,SMS,SMI,SNV,SLM,SHW,SGP,SHW,SEBL,SFA,SNA,SLM,SII,SII,SJM,SLM,SJM,SIAL,SIAL,SEE,SE,RSG,ROL,ROP,SBUX,RTX,RTX
404,SNT,SNA,SNA,SMS,SO,SLR,SIAL,SHW,SIAL,SEE,SGP,SNDK,SNA,SJM,SJM,SLB,SNA,SLB,SJM,SJM,SHW,SEE,RTN,ROP,ROST,SCHW,SBAC,SBAC
405,SO,SNT,SNT,SNA,SOTR,SNA,SLB,SIAL,SLB,SFA,SHLD,SNV,SNDK,SLB,SLB,SLM,SNDK,SLM,SLB,SLB,SIG,SHW,SBAC,ROST,RSG,SEE,SBNY,SBNY
406,SPGI,SO,SNV,SNT,SPGI,SNV,SLM,SLB,SLM,SGP,SHW,SO,SO,SLM,SLM,SNA,SNI,SNA,SLM,SNA,SJM,SIG,SBUX,RSG,RTN,SHW,SBUX,SBUX
407,SRR,SPGI,SO,SNV,SPLS,SO,SLR,SLM,SLR,SHW,SIAL,SOV,SOV,SNA,SNA,SNDK,SO,SNDK,SNA,SNDK,SLB,SJM,SCG,RTN,SBAC,SIVB,SCHW,SCHW
408,STI,SRR,SPGI,SO,SRE,SOTR,SNA,SLR,SNA,SIAL,SLB,SPG,SPG,SNDK,SNDK,SNI,SPG,SNI,SNDK,SNI,SLG,SLB,SCHW,SBAC,SBUX,SJM,SEDG,SEDG
409,STJ,STI,STI,SPGI,STI,SPGI,SNV,SNA,SNV,SLB,SLM,SPGI,SPGI,SNI,SNI,SO,SPGI,SO,SNI,SO,SNA,SLG,SEE,SBUX,SCHW,SLB,SEE,SEE
410,STO,STJ,STJ,SPLS,STJ,SPLS,SO,SNV,SO,SLM,SLR,SPLS,SPLS,SO,SO,SPG,SPLS,SPG,SO,SPG,SNDK,SNA,SHW,SCHW,SEE,SLG,SHW,SHW
411,SUN,STO,STO,SRE,STT,SRE,SOTR,SO,SOTR,SLR,SNA,SRE,SRE,SOV,SPG,SPGI,SRCL,SPGI,SPG,SPGI,SNI,SNI,SIG,SEE,SHW,SNA,SIVB,SIVB
412,SVU,SUN,STT,STI,SUB,STI,SPGI,SOTR,SPG,SNA,SNV,SSP,SSP,SPG,SPGI,SPLS,SRE,SPLS,SPGI,SPLS,SO,SO,SJM,SHW,SIVB,SNPS,SJM,SJM
413,SWK,SVU,SUN,STJ,SUN,STJ,SPLS,SPG,SPGI,SNV,SO,STI,STI,SPGI,SPLS,SRCL,STI,SRCL,SPLS,SRCL,SPG,SPG,SLB,SIVB,SJM,SO,SLB,SLB
414,SYY,SWK,SVU,STT,SVU,STT,SRE,SPGI,SPLS,SO,SOV,STJ,STJ,SPLS,SRCL,SRE,STJ,SRE,SRCL,SRE,SPGI,SPGI,SLG,SJM,SLB,SPG,SNA,SNA
415,T,SYY,SWK,SUB,SWK,SUB,STI,SPLS,SRE,SOV,SPG,STR,STR,SRCL,SRE,STI,STT,STI,SRE,STI,SPLS,SPLS,SNA,SLB,SLG,SPGI,SNPS,SNPS
416,TA,T,SYY,SUN,SWY,SUN,STJ,SRE,STI,SPG,SPGI,STT,STT,SRE,STI,STJ,STZ,STJ,STI,STJ,SRCL,SRCL,SNI,SLG,SNA,SRE,SO,SO
417,TAP,TA,T,SVU,SXCL,SVU,STT,STI,STJ,SPGI,SPLS,STZ,STZ,STI,STJ,STT,SUN,STT,STJ,STT,SRE,SRE,SNPS,SNA,SNPS,STE,SPG,SPG
418,TCOMA,TAP,TA,SWK,SYY,SWK,SUN,STJ,STT,SPLS,SRE,SUN,SUN,STJ,STR,STZ,SVU,STX,STT,STX,STI,STI,SO,SNPS,SO,STT,SPGI,SPGI
419,TDM,TCOMA,TAP,SWY,T,SWY,SVU,STT,SUN,SRE,SSP,SVU,SUNEQ,STR,STT,SUN,SWK,STZ,STX,STZ,STJ,STJ,SPG,SO,SPG,STX,SRE,SRE
420,TEK,TDM,TCOMA,SYY,TAP,SXCL,SWK,SUN,SVU,STI,STI,SWK,SVU,STT,STZ,SUNEQ,SWN,SWK,STZ,SWK,STT,STT,SPGI,SPG,SPGI,STZ,STE,STE
421,TEN,TEK,TEK,T,TEK,SYK,SWY,SVU,SWK,STJ,STJ,SWY,SWK,STZ,SUN,SVU,SWY,SWN,SWK,SWN,STX,STX,SRCL,SPGI,SRE,SWK,STT,STLD
422,TGNA,TEN,TEN,TA,TER,SYY,SYK,SWK,SWY,STT,STT,SYK,SWY,SUN,SUNEQ,SWK,SYK,SWY,SWN,SWY,STZ,STZ,SRE,SRE,STE,SWKS,STX,STT
423,TGT,TGNA,TGNA,TAP,TGNA,T,SYY,SWY,SYK,SUN,STZ,SYMC,SYK,SUNEQ,SVU,SWN,SYMC,SYK,SWY,SYK,SWK,SWK,STI,STI,STT,SYF,STZ,STX
424,THC,TGT,TGT,TCOMA,TGT,TAP,T,SYK,SYMC,SVU,SUN,SYY,SYMC,SVU,SWK,SWY,SYY,SYMC,SYK,SYMC,SWKS,SWKS,STT,STT,STX,SYK,SWK,STZ
425,THY,THC,THC,TEK,THC,TEK,TAP,SYY,SYY,SWK,SVU,T,SYY,SWK,SWN,SYK,T,SYY,SYMC,SYY,SWN,SWN,STX,STX,STZ,SYY,SWKS,SWK
426,TIN,TIN,TIN,TEN,TIN,TER,TE,T,T,SWY,SWK,TAP,T,SWN,SWY,SYMC,TAP,T,SYY,T,SYF,SYF,STZ,STZ,SWK,T,SYF,SWKS
427,TJX,TJX,TJX,TGNA,TJX,TGNA,TEK,TAP,TAP,SYK,SWY,TE,TAP,SWY,SYK,SYY,TDC,TAP,T,TAP,SYK,SYK,SWK,SWK,SWKS,TAP,SYK,SYF
428,TKR,TKR,TKR,TGT,TKR,TGT,TER,TE,TE,SYMC,SYK,TEK,TDC,SYK,SYMC,T,TE,TDC,TAP,TDC,SYMC,SYMC,SWKS,SWKS,SYF,TDG,SYY,SYK
429,TLAB,TLAB,TLAB,THC,TLAB,THC,TGNA,TEK,TEK,SYY,SYMC,TER,TE,SYMC,SYY,TAP,TEG,TE,TDC,TE,SYY,SYY,SYF,SYF,SYK,TDY,T,SYY
430,TMC,TMC,TMC,TIN,TMC,TIF,TGT,TER,TER,T,SYY,TEX,TEG,SYY,T,TDC,TEL,TEG,TE,TEG,T,T,SYK,SYK,SYY,TEL,TAP,T
431,TMC.A,TMC.A,TMC.A,TJX,TMC.A,TIN,THC,TGNA,TGNA,TAP,T,TGNA,TEL,T,TAP,TE,TER,TEL,TEG,TEL,TAP,TAP,SYMC,SYMC,T,TER,TDG,TAP
432,TMK,TMK,TMK,TKR,TMK,TJX,TIF,TGT,TGT,TE,TAP,TGT,TER,TAP,TDC,TEG,TGNA,TER,TEL,TGNA,TDC,TDC,SYY,SYY,TAP,TFC,TDY,TDG
433,TNB,TMO,TMO,TLAB,TMO,TKR,TIN,THC,THC,TEK,TE,THC,TEX,TDC,TE,TER,TGT,TGNA,TGNA,TGT,TE,TDG,T,T,TDG,TFX,TECH,TDY
434,TOY,TNB,TNB,TMC,TNB,TLAB,TJX,TIF,TIF,TER,TEK,TIF,TGNA,TE,TEG,TGNA,THC,TGT,TGT,THC,TEL,TEL,TAP,TAP,TEL,TGT,TEL,TECH
435,TRB,TOY,TOY,TMC.A,TOS,TMK,TLAB,TIN,TIN,TGNA,TER,TIN,TGT,TEG,TER,TGT,TIE,THC,THC,TIF,TGNA,TGNA,TDG,TDG,TFC,TJX,TER,TEL
436,TRV,TRB,TRB,TMK,TOY,TMO,TMK,TJX,TJX,TGT,TGNA,TJX,THC,TEL,TGNA,THC,TIF,TIF,TIF,TJX,TGT,TGT,TEL,TEL,TFX,TMO,TFC,TER
437,TRW,TRV,TRV,TMO,TRB,TNB,TMO,TLAB,TLAB,THC,TGT,TLAB,TIE,TER,TGT,TIE,TJX,TJX,TJX,TMK,THC,TIF,TGT,TGT,TGT,TMUS,TFX,TFC
438,TWX,TRW,TRW,TNB,TROW,TOS,TNB,TMK,TMK,TIF,THC,TMK,TIF,TGNA,THC,TIF,TMK,TMK,TMK,TMO,TIF,TJX,TIF,TIF,TIF,TPR,TGT,TFX
439,TX,TUP,TUP,TOY,TRV,TOY,TOY,TMO,TMO,TIN,TIF,TMO,TJX,TGT,TIE,TJX,TMO,TMO,TMO,TPR,TJX,TMK,TJX,TJX,TJX,TROW,TJX,TGT
440,TXN,TWX,TWX,TRB,TRW,TRB,TRB,TNB,TNB,TJX,TIN,TPR,TLAB,THC,TIF,TLAB,TMUS,TMUS,TPR,TRIP,TMK,TMO,TMK,TMK,TMO,TRV,TMO,TJX
441,TXT,TX,TX,TRV,TUP,TROW,TROW,TOY,TOY,TLAB,TJX,TRB,TMK,TIE,TJX,TMK,TPR,TPR,TRIP,TROW,TMO,TPR,TMO,TMO,TMUS,TSCO,TMUS,TMO
442,TXU,TXN,TXN,TRW,TWX,TRV,TRV,TRB,TRB,TMK,TLAB,TROW,TMO,TIF,TLAB,TMO,TRIP,TRIP,TROW,TRV,TPR,TRIP,TPR,TPR,TPR,TSLA,TPR,TMUS
443,UAWGQ,TXT,TXT,TUP,TX,TRW,TRW,TROW,TROW,TMO,TMK,TRV,TPR,TJX,TMK,TMUS,TROW,TROW,TRV,TSCO,TRIP,TROW,TRIP,TRIP,TROW,TSN,TRMB,TPR
444,UCC,TXU,TXU,TWX,TXN,TSG,TSG,TRV,TRV,TOY,TMO,TSG,TROW,TLAB,TMO,TPR,TRV,TRV,TSN,TSN,TROW,TRV,TROW,TROW,TRV,TT,TROW,TRGP
445,UCL,UAWGQ,UAWGQ,TX,TXT,TUP,TUP,TSG,TSG,TPR,TPR,TSN,TRV,TMK,TMUS,TROW,TSN,TSN,TSS,TSS,TRV,TSCO,TRV,TRV,TSCO,TTWO,TRV,TRMB
446,UCM,UCC,UCC,TXN,TXU,TWX,TWX,TT,TT,TRB,TRB,TT,TSN,TMO,TPR,TRV,TSS,TSS,TWC,TWC,TSCO,TSN,TSCO,TSCO,TSN,TWTR,TSCO,TROW
447,UIS,UCL,UCL,TXT,UAWGQ,TX,TXN,TUP,TUP,TROW,TROW,TWX,TSS,TPR,TROW,TSN,TWC,TWC,TWX,TWX,TSN,TSS,TSN,TSN,TTWO,TXN,TSLA,TRV
448,UK,UCM,UCM,TXU,UCL,TXN,TXT,TWX,TWX,TRV,TRV,TXN,TT,TROW,TRV,TSS,TWX,TWX,TXN,TXN,TSS,TWX,TSS,TSS,TWTR,TXT,TSN,TSCO
449,UMG,UIS,UIS,UAWGQ,UCM,TXT,TXU,TXN,TXN,TSG,TSG,TXT,TWX,TRV,TSN,TWC,TXN,TXN,TXT,TXT,TWC,TXN,TWX,TTWO,TXN,TYL,TT,TSLA
450,UN,UK,UK,UCC,UIS,TXU,UAWGQ,TXT,TXT,TT,TSN,TXU,TXN,TSN,TSS,TWX,TXT,TXT,UNH,UAA,TWX,TXT,TXN,TWTR,TXT,UA,TTWO,TSN
451,UNH,UMG,UMG,UCL,UK,UAWGQ,UCL,TXU,TXU,TWX,TT,UIS,TXT,TSS,TWC,TXN,UNH,UNH,UNM,UHS,TXN,UA,TXT,TXN,UA,UAA,TWTR,TT
452,UNM,UN,UN,UCM,UMG,UCL,UIS,UCL,UCL,TXN,TWX,UNH,UIS,TWX,TWX,TXT,UNM,UNM,UNP,UNH,TXT,UAA,UA,TXT,UAA,UAL,TXN,TTWO
453,UNP,UNH,UNH,UIS,UN,UIS,UN,UIS,UIS,TXT,TXN,UNM,UNH,TXN,TXN,UNH,UNP,UNP,UPS,UNM,UAA,UAL,UAA,UA,UAL,UDR,TXT,TXN
454,USB,UNM,UNM,UK,UNH,UK,UNH,UNH,UNH,TXU,TXT,UNP,UNM,TXT,TXT,UNM,UPS,UPS,URBN,UNP,UAL,UDR,UAL,UAA,UDR,UHS,TYL,TXT
455,USBC,UNP,UNP,UMG,UNM,UN,UNM,UNM,UNM,UCL,TXU,UPS,UNP,UNH,UNH,UNP,URBN,URBN,USB,UPS,UHS,UHS,UDR,UAL,UHS,ULTA,UA,TYL
456,USH,UPR,UPR,UN,UNP,UNH,UNP,UNP,UNP,UIS,UIS,USB,UPS,UNM,UNM,UPS,USB,USB,UTX,URBN,UNH,ULTA,UHS,UDR,ULTA,UNH,UAA,UAL
457,USHC,USB,USB,UNH,UPC,UNM,UPC,UPC,UPC,UNH,UNH,UST,USB,UNP,UNP,URBN,UTX,UTX,V,URI,UNM,UNH,ULTA,UHS,UNH,UNM,UAL,UDR
458,USS,USBC,USS,UNM,UPR,UNP,USB,UPS,UPS,UNM,UNM,UTX,UST,UPS,UPS,USB,V,V,VAR,USB,UNP,UNM,UNH,ULTA,UNM,UNP,UDR,UHS
459,UST,USH,UST,UNP,USB,UPC,UST,USB,USB,UNP,UNP,UVN,UTX,USB,USB,UTX,VAR,VAR,VFC,UTX,UPS,UNP,UNM,UNH,UNP,UPS,UHS,ULTA
460,USW,USS,USW,UPC,UST,USB,UTX,UST,UST,UPS,UPS,VFC,VAR,UST,UTX,V,VFC,VFC,VIAB,V,URBN,UPS,UNP,UNM,UPS,URI,ULTA,UNH
461,UTX,UST,UTX,UPR,USW,UST,UVN,UTX,UTX,USB,USB,VIAB,VFC,UTX,V,VAR,VIAB,VIAB,VLO,VAR,URI,URBN,UPS,UNP,URI,USB,UNH,UNP
462,VAT,USW,VFC,USB,UTX,UTX,VFC,UVN,UVN,UST,UST,VIAV,VIAB,VAR,VAR,VFC,VIAV,VIAV,VMC,VFC,USB,URI,URI,UPS,USB,V,UNP,UPS
463,VFC,UTX,VO,UST,VFC,VFC,VIAV,VFC,VFC,UTX,UTX,VLO,VIAV,VFC,VFC,VIAB,VLO,VLO,VNO,VIAB,UTX,USB,USB,URI,UTX,VAR,UPS,URI
464,VO,VFC,VZ,USW,VMC,VIAV,VMC,VIAV,VIAV,UVN,UVN,VMC,VLO,VIAB,VIAB,VIAV,VMC,VMC,VRSN,VLO,V,UTX,UTX,USB,V,VFC,URI,USB
465,VZ,VO,WAI,UTX,VO,VMC,VRTS,VMC,VMC,VFC,VFC,VNO,VMC,VIAV,VIAV,VLO,VNO,VNO,VRTX,VMC,VAR,V,V,UTX,VAR,VIAC,USB,V
466,WAI,VZ,WAMUQ,VFC,VZ,VRTS,VSTNQ,VRTS,VRTS,VIAV,VIAB,VRSN,VNO,VLO,VLO,VMC,VRSN,VRSN,VTR,VNO,VFC,VAR,VAR,V,VFC,VLO,V,VFC
467,WB,WAI,WB,VO,WAMUQ,VSTNQ,VTSS,VSTNQ,VSTNQ,VLO,VIAV,VZ,VRSN,VMC,VMC,VNO,VTR,VTR,VZ,VRSN,VIAB,VFC,VFC,VAR,VIAC,VMC,VFC,VICI
468,WBA,WB,WBA,VZ,WB,VTSS,VZ,VZ,VZ,VMC,VLO,WAMUQ,VZ,VNO,VNO,VRSN,VZ,VZ,WAT,VRTX,VLO,VIAB,VIAB,VFC,VLO,VNO,VIAC,VLO
469,WEN,WBA,WCOEQ,WAMUQ,WBA,VZ,WAMUQ,WAMUQ,WAMUQ,VRTS,VMC,WAT,WAMUQ,VRSN,VRSN,VTR,WAT,WAT,WBA,VTR,VMC,VLO,VLO,VIAB,VMC,VNT,VLO,VMC
470,WFC,WCOEQ,WEN,WB,WCOEQ,WAMUQ,WAT,WAT,WAT,VSTNQ,VNO,WB,WAT,VZ,VTR,VZ,WBA,WBA,WDC,VZ,VNO,VMC,VMC,VLO,VNO,VRSK,VMC,VRSK
471,WHR,WEN,WFC,WBA,WEN,WB,WB,WB,WB,VZ,VZ,WBA,WB,WAT,VZ,WAT,WDC,WDC,WEC,WAT,VRSK,VNO,VNO,VMC,VRSK,VRSN,VNO,VRSN
472,WLA,WFC,WHR,WCOEQ,WFC,WBA,WBA,WBA,WBA,WAMUQ,WAMUQ,WEN,WBA,WBA,WAT,WBA,WEC,WEC,WELL,WBA,VRSN,VRSK,VRSK,VNO,VRSN,VRTX,VRSK,VRTX
473,WLL,WHR,WLA,WEN,WHR,WCOEQ,WCOEQ,WEN,WEN,WAT,WAT,WFC,WEN,WEC,WBA,WDC,WELL,WELL,WFC,WDC,VRTX,VRSN,VRSN,VRSK,VRTX,VTR,VRSN,VTR
474,WMB,WLA,WLL,WFC,WLA,WEN,WEN,WFC,WFC,WB,WB,WFM,WFC,WFC,WDC,WEC,WFC,WFC,WFM,WEC,VTR,VRTX,VRTX,VRSN,VTR,VTRS,VRTX,VTRS
475,WMT,WLL,WMB,WHR,WLL,WFC,WFC,WHR,WHR,WBA,WBA,WFT,WFM,WFM,WEC,WELL,WFM,WFM,WHR,WELL,VZ,VTR,VTR,VRTX,VZ,VZ,VTR,VZ
476,WMX,WMB,WMT,WLA,WLP,WHR,WHR,WLP,WLP,WEN,WEN,WHR,WFT,WFT,WELL,WFC,WHR,WHR,WIN,WFC,WAT,VZ,VZ,VTR,WAB,WAB,VTRS,WAB
477,WNDXQ,WMT,WMX,WLL,WM,WLL,WLL,WM,WM,WFC,WFC,WIN,WHR,WHR,WFC,WFM,WIN,WIN,WM,WFM,WBA,WAT,WAT,VZ,WAT,WAT,VZ,WAT
478,WOR,WMX,WNDXQ,WM,WMB,WLP,WLP,WMB,WMB,WHR,WFM,WM,WIN,WIN,WFM,WHR,WM,WM,WMB,WHR,WDC,WBA,WBA,WAT,WBA,WBA,WAB,WBA
479,WWY,WNDXQ,WOR,WMB,WMT,WM,WM,WMT,WMT,WM,WFT,WMB,WM,WM,WHR,WIN,WMB,WMB,WMT,WIN,WEC,WDC,WDC,WBA,WDC,WDC,WAT,WBD
480,WY,WOR,WWY,WMT,WNDXQ,WMB,WMB,WNDXQ,WNDXQ,WMB,WHR,WMT,WMB,WMB,WIN,WM,WMT,WMT,WPX,WM,WELL,WEC,WEC,WCG,WEC,WEC,WBA,WDC
481,WYE,WWY,WY,WNDXQ,WOR,WMT,WMT,WOR,WOR,WMT,WM,WU,WMT,WMT,WM,WMB,WPX,WPX,WU,WMB,WFC,WELL,WELL,WDC,WELL,WELL,WDC,WEC
482,X,WY,WYE,WOR,WWY,WNDXQ,WNDXQ,WWY,WWY,WWY,WMB,WWY,WU,WU,WMB,WMT,WU,WU,WY,WMT,WFM,WFC,WFC,WEC,WFC,WFC,WEC,WELL
483,XEL,WYE,X,WWY,WY,WOR,WOR,WY,WY,WY,WMT,WY,WWY,WY,WMT,WU,WY,WY,WYND,WU,WHR,WFM,WHR,WELL,WHR,WHR,WELL,WFC
484,XOM,X,XEL,WY,WYE,WWY,WWY,WYE,WYE,WYE,WWY,WYE,WY,WYE,WU,WY,WYND,WYND,WYNN,WY,WM,WHR,WLTW,WFC,WLTW,WLTW,WFC,WHR
485,XRX,XEL,XOM,WYE,X,WY,WY,X,X,X,WY,WYND,WYE,WYND,WY,WYND,WYNN,WYNN,X,WYND,WMB,WLTW,WM,WHR,WM,WM,WHR,WM
486,YRCW,XOM,XRX,X,XEL,WYE,WYE,XEL,XEL,XEL,WYE,X,WYND,WYNN,WYND,WYNN,X,X,XEL,WYNN,WMT,WM,WMB,WLTW,WMB,WMB,WM,WMB
487,,XRX,YUM,XEL,XLNX,X,X,XL,XL,XL,X,XEL,X,X,WYNN,X,XEL,XEL,XL,XEC,WRK,WMB,WMT,WM,WMT,WMT,WMB,WMT
488,,,,XOM,XOM,XEL,XEL,XLNX,XLNX,XLNX,XEL,XL,XEL,XEL,X,XEL,XL,XL,XLNX,XEL,WU,WMT,WRK,WMB,WRB,WRB,WMT,WRB
489,,,,XRX,XRX,XLNX,XL,XOM,XOM,XOM,XL,XLNX,XL,XL,XEL,XL,XLNX,XLNX,XOM,XL,WY,WRK,WU,WMT,WRK,WRK,WRB,WRK
490,,,,YUM,YUM,XOM,XLNX,XRX,XRX,XRX,XLNX,XOM,XLNX,XLNX,XL,XLNX,XOM,XOM,XRAY,XLNX,WYND,WU,WY,WRK,WU,WST,WRK,WST
491,,,,,,XRX,XOM,YUM,YUM,XTO,XOM,XRX,XOM,XOM,XLNX,XOM,XRAY,XRAY,XRX,XOM,WYNN,WY,WYND,WU,WY,WU,WST,WTW
492,,,,,,YUM,XRX,ZBH,ZBH,YUM,XRX,XTO,XRX,XRAY,XOM,XRAY,XRX,XRX,XYL,XRAY,XEC,WYND,WYNN,WY,WYNN,WY,WTW,WY
493,,,,,,,YUM,ZION,ZION,ZBH,XTO,YUM,XTO,XRX,XRAY,XRX,XYL,XYL,YUM,XRX,XEL,WYNN,XEC,WYNN,XEC,WYNN,WY,WYNN
494,,,,,,,ZBH,,,ZION,YUM,ZBH,YUM,XTO,XRX,YUM,YUM,YUM,ZBH,XYL,XL,XEC,XEL,XEC,XEL,XEL,WYNN,XEL
495,,,,,,,ZION,,,,ZBH,ZION,ZBH,YUM,XTO,ZBH,ZBH,ZBH,ZION,YUM,XLNX,XEL,XL,XEL,XLNX,XLNX,XEL,XOM
496,,,,,,,,,,,ZION,,ZION,ZBH,YUM,ZION,ZION,ZION,ZTS,ZBH,XOM,XL,XLNX,XLNX,XOM,XOM,XLNX,XRAY
497,,,,,,,,,,,,,,ZION,ZBH,,,,,ZION,XRAY,XLNX,XOM,XOM,XRAY,XRAY,XOM,XYL
498,,,,,,,,,,,,,,,ZION,,,,,ZTS,XRX,XOM,XRAY,XRAY,XRX,XRX,XRAY,YUM
499,,,,,,,,,,,,,,,,,,,,,XYL,XRAY,XRX,XRX,XYL,XYL,XYL,ZBH
500,,,,,,,,,,,,,,,,,,,,,YUM,XRX,XYL,XYL,YUM,YUM,YUM,ZBRA
501,,,,,,,,,,,,,,,,,,,,,ZBH,XYL,YUM,YUM,ZBH,ZBH,ZBH,ZION
502,,,,,,,,,,,,,,,,,,,,,ZION,YUM,ZBH,ZBH,ZBRA,ZBRA,ZBRA,ZTS
503,,,,,,,,,,,,,,,,,,,,,ZTS,ZBH,ZION,ZION,ZION,ZION,ZION,
504,,,,,,,,,,,,,,,,,,,,,,ZION,ZTS,ZTS,ZTS,ZTS,ZTS,
505,,,,,,,,,,,,,,,,,,,,,,ZTS,,,,,,
